task_id	design_id	system	flex_delta	mutable	flexible	added	removed	wt_flex_count	total_positions	expected_sequences	pdb_relative	pdb_sha256	markstar_job	markstar_cpus	markstar_memory_gib	markstar_heap_gib	source_package	source_task_id	h200_source_manifest	h200_source_index	baseline_mark_seconds	dcc_lane
91	2hnu_flex_p4	2hnu	4	D309;D318	D311;D271;D316;D306;D305;C192;C182;C233;C181;D319;C193;C191;C180			13	15	39	structures/2hnu.min.reduce.renum.pdb	848f254f069c1a865a4c4a9b70cb361970bdaf2d5b2f2877ed750cef32a29d16	12651516_6	16	96	64	/usr/xtmp/lz280/packstar_flex_frontier38_20260920/prep_12651495/package	6	frontier_remaining18_plus4.tsv	6	96708.64	NA
15	4wyq_flex_p1	4wyq	1	E394	D288;D289;D285;E367;E371;E373;E365;E391;E390;E372	E372		10	11	20	structures/4wyq.min.reduce.renum.pdb	adc46edd5b0e67e235edd709ef040a657aa4b1141cf7f4573ca6c79caadbfbc0	12631847_29	16	192	160	retained	29	frontier.tsv	17	98655.2	NA
80	2rf9_flex_p10	2rf9	10	D586;D585	D582;D578;B499;B503;B504;B498;D581;D583;D587;D579;D584;B502;B500;D577	B504;B498;D581;D583;D587;D579;D584;B502;B500;D577		14	16	39	structures/2rf9.min.reduce.renum.pdb	f8e6b62f782e0041d58209e68b25129a7f6bd4f15371a7c05c93c0031d7a092b	12643021_11	16	128	96	/usr/xtmp/lz280/packstar_flex_frontier20_20260919/prep_12643020/package	11	frontier_small4.tsv	11	100450.19	NA
26	5dc4_flex_p1	5dc4	1	A95;A28	B176;B172;B173;B174;A25;A26;A97;A21;A46;A24	A24		10	12	39	structures/5dc4.min.reduce.renum.pdb	f1dc1758bd76057ce195cabfc51efcafce37d661b9fc5cc8c24a8375649c07d1	12632191_8	16	192	160	added	8	frontier.tsv	28	101021.15	NA
156	2hnu_flex_p5	2hnu	5	D309;D318	D311;D271;D316;D306;D305;C192;C182;C233;C181;D319;C193;C191;C180;C234	D319;C193;C191;C180;C234		14	16	39	structures/2hnu.min.reduce.renum.pdb	848f254f069c1a865a4c4a9b70cb361970bdaf2d5b2f2877ed750cef32a29d16	12686144_19	16	192	160	/usr/xtmp/lz280/markstar_backfill_20260922/prep_12686118/package	19	frontier_backfill25.tsv	19	104213.86	NA
128	5d68_flex_p1	5d68	1	A313	C903;C937;C905;C910;C935;C914;A310;A309;A265;A261;A262;C934			12	13	20	structures/5d68.min.reduce.renum.pdb	7f14a6d67cb5b879a5fe4e1a37f793ae2e82adc251545f36deaa59bd78abb1b2	12651523_43	16	96	64	/usr/xtmp/lz280/packstar_flex_frontier38_20260920/prep_12651495/package	43	frontier_remaining18_plus4.tsv	43	105372.18	NA
109	2xxm_flex_p2	2xxm	2	B107	B115;B117;B109;B173;B105;B167;B165;A30;A4;A6;A5;B106;B168			13	14	20	structures/2xxm.min.reduce.renum.pdb	f1a1c3f31a8f7648a41f66fec1da8b0de570f48b1a63f36eb36735381bb8aaa1	12651522_24	16	96	64	/usr/xtmp/lz280/packstar_flex_frontier38_20260920/prep_12651495/package	24	frontier_remaining18_plus4.tsv	24	113829.58	NA
122	4pxf_flex_p4	4pxf	4	A249	B328;B330;A246;A245;A226;A225;A138;A229;A244;A247;A227;A139			12	13	20	structures/4pxf.min.reduce.renum.pdb	0297976728b341c0a76ad496fcdaa1fe586b199ac18524f892b6ef47fea35d2c	12651523_37	16	96	64	/usr/xtmp/lz280/packstar_flex_frontier38_20260920/prep_12651495/package	37	frontier_remaining18_plus4.tsv	37	113961.5	NA
151	1gwc_flex_p2	1gwc	2	C514	B314;B309;B313;B311;B317;C510;C505;C446;C503;C511;C498;C500;C497;C445	C497;C445		14	15	20	structures/1gwc.min.reduce.renum.pdb	8e52f063e5911c83d039199e14da3edcd55355d6f93f00700cb96e6577b3f304	12686144_14	16	192	160	/usr/xtmp/lz280/markstar_backfill_20260922/prep_12686118/package	14	frontier_backfill25.tsv	14	114235.25	NA
148	2hnv_flex_p5	2hnv	5	C237;C228	D273;D262;D314;D263;C235;C224;C225;C230;C190;C238;D261;D274;D315;C226	C238;D261;D274;D315;C226		14	16	39	structures/2hnv.min.reduce.renum.pdb	72965bf15cb3b5b64d655903ba4079bedc5938fd5026d75f5855d2e6c28f3942	12686144_11	16	192	160	/usr/xtmp/lz280/markstar_backfill_20260922/prep_12686118/package	11	frontier_backfill25.tsv	11	115497.14	NA
115	3eb6_flex_p5	3eb6	5	A44;A45	B128;A55;A29;A19;A42;A41;A37;A30;A38;A28;A54;A40			12	14	39	structures/3eb6.min.reduce.renum.pdb	cd633dddedd01529c022eed488818b918e3dc5c5e88d740014aa24dada36a76f	12651522_30	16	96	64	/usr/xtmp/lz280/packstar_flex_frontier38_20260920/prep_12651495/package	30	frontier_remaining18_plus4.tsv	30	125134.97	NA
86	1b6c_flex_p1	1b6c	1	E965	F994;F995;E903;E892;E957;E925;E963;E947;E922;E942;E940;E967;E948;E893			14	15	20	structures/1b6c.min.reduce.renum.pdb	f5f2300da8c053977b62db8ffe9c4e29119b29d9c6e1ff78e1486678736aee64	12651523_1	16	96	64	/usr/xtmp/lz280/packstar_flex_frontier38_20260920/prep_12651495/package	1	frontier_remaining18_plus4.tsv	1	125528.74	NA
158	2xxm_flex_p3	2xxm	3	B107	B115;B117;B109;B173;B105;B167;B165;A30;A4;A6;A5;B106;B168;B104	B106;B168;B104		14	15	20	structures/2xxm.min.reduce.renum.pdb	f1a1c3f31a8f7648a41f66fec1da8b0de570f48b1a63f36eb36735381bb8aaa1	12686144_21	16	192	160	/usr/xtmp/lz280/markstar_backfill_20260922/prep_12686118/package	21	frontier_backfill25.tsv	21	137580.52	NA
53	3u7y_flex_p4	3u7y	4	G384;G382	G385;L587;L649;L648;G386;L586;L650	L648;G386;L586;L650		7	9	39	structures/3u7y.min.reduce.renum.pdb	05c017babffa70e299ede4dd2e7a2982d50ab3054755309c29099ff13f2678b5	12633776_9	16	128	96	/usr/xtmp/lz280/packstar_flex_frontier16_20260918/prep_12633774/package	9	frontier_add4.tsv	9	164524.75	NA
160	1b6c_flex_p2	1b6c	2	E965	F994;F995;E903;E892;E957;E925;E963;E947;E922;E942;E940;E967;E948;E893;E964	E893;E964		15	16	20	structures/1b6c.min.reduce.renum.pdb	f5f2300da8c053977b62db8ffe9c4e29119b29d9c6e1ff78e1486678736aee64	12686144_23	16	192	160	/usr/xtmp/lz280/markstar_backfill_20260922/prep_12686118/package	23	frontier_backfill25.tsv	23	165953.82	NA
27	5dc4_flex_p2	5dc4	2	A95;A28	B176;B172;B173;B174;A25;A26;A97;A21;A46;A24;A29	A24;A29		11	13	39	structures/5dc4.min.reduce.renum.pdb	f1dc1758bd76057ce195cabfc51efcafce37d661b9fc5cc8c24a8375649c07d1	12632191_9	16	192	160	added	9	frontier.tsv	29	166841.05	NA
157	2rf9_flex_p11	2rf9	11	D586;D585	D582;D578;B499;B503;B504;B498;D581;D583;D587;D579;D584;B502;B500;D577;B543	B504;B498;D581;D583;D587;D579;D584;B502;B500;D577;B543		15	17	39	structures/2rf9.min.reduce.renum.pdb	f8e6b62f782e0041d58209e68b25129a7f6bd4f15371a7c05c93c0031d7a092b	12686144_20	16	192	160	/usr/xtmp/lz280/markstar_backfill_20260922/prep_12686118/package	20	frontier_backfill25.tsv	20	168489.67	NA
10	5a6y_flex_p0	5a6y	0	D455;D452	D356;D359;D431;D355;D429;D450;D453;D396;C274;D363;C247;C275;C334;C331			14	16	39	structures/5a6y.min.reduce.renum.pdb	53066d5b532226fcdeddb6a19e6b183dedcedcdc51578da23a8d53dd19e0090a	12631847_10	16	192	160	retained	10	frontier.tsv	10	178656.78	NA
3	4u3s_flex_m2	4u3s	-2	B280;B277	B309;B276;A32;A76;A145;A97;A94;A93;A95		B274;B273	9	11	39	structures/4u3s.min.reduce.renum.pdb	96a204e521a8e3b9f1ee81384d85e85d1250ca75e7c00027dc6cd4bf47b7e913	12631847_3	16	192	160	retained	3	frontier.tsv	3	195931.37	NA
121	4kt6_flex_p2	4kt6	2	D712	D822;D815;D759;C512;C511;C509;C519;C515;C518;D816;C516			11	12	20	structures/4kt6.min.reduce.renum.pdb	f13f9c8fcd6fd0a9ca26426d87b44cc763c33b819c36aa260d8521ca9e93e0e9	12651522_36	16	96	64	/usr/xtmp/lz280/packstar_flex_frontier38_20260920/prep_12651495/package	36	frontier_remaining18_plus4.tsv	36	204950.66	NA
82	5it3_flex_p8	5it3	8	A41	B134;B153;A37;A34;A38;B133;B135;A39;A40;A35;A36;A33;A42	B133;B135;A39;A40;A35;A36;A33;A42		13	14	20	structures/5it3.min.reduce.renum.pdb	385250d44183624e89b21ca3ce213004c8f149a941f52f743a8dd20de870424c	12643021_13	16	128	96	/usr/xtmp/lz280/packstar_flex_frontier20_20260919/prep_12643020/package	13	frontier_small4.tsv	13	208731.61	NA
72	3bu8_flex_p10	3bu8	10	B243	D431;A34;A35;D430;B242;A36;D432;B244;A33;B246;A37;A32;B240	D430;B242;A36;D432;B244;A33;B246;A37;A32;B240		13	14	20	structures/3bu8.min.reduce.renum.pdb	cc4dc324318180bca6671a1fe5ba968c3e461132e5981705e89816d183c11e2f	12643021_3	16	128	96	/usr/xtmp/lz280/packstar_flex_frontier20_20260919/prep_12643020/package	3	frontier_small4.tsv	3	212056.51	NA
143	4z80_flex_p0	4z80	0	D967;D970	D972;D971;D969;B621;B620;B646;B758;B756;B649;B760;B563;B663			12	14	39	structures/4z80.min.reduce.renum.pdb	3b9938f38c7a5d45ca5985d0069f19de191894389f918af3d1e30406d989724d	12686144_6	16	192	160	/usr/xtmp/lz280/markstar_backfill_20260922/prep_12686118/package	6	frontier_backfill25.tsv	6	218567.97	NA
161	3bu8_flex_p11	3bu8	11	B243	D431;A34;A35;D430;B242;A36;D432;B244;A33;B246;A37;A32;B240;A31	D430;B242;A36;D432;B244;A33;B246;A37;A32;B240;A31		14	15	20	structures/3bu8.min.reduce.renum.pdb	cc4dc324318180bca6671a1fe5ba968c3e461132e5981705e89816d183c11e2f	12686144_24	16	192	160	/usr/xtmp/lz280/markstar_backfill_20260922/prep_12686118/package	24	frontier_backfill25.tsv	24	238973.66	NA
100	2q1e_flex_p4	2q1e	4	D418	D427;D365;D363;D420;D416;D425;C309;C316;C314;C315;D364;D426;D362			13	14	20	structures/2q1e.min.reduce.renum.pdb	1fdfbc254f9aa8027dba2b90f2bece120774861e25c8b972548fcd6703596f5b	12651522_15	16	96	64	/usr/xtmp/lz280/packstar_flex_frontier38_20260920/prep_12651495/package	15	frontier_remaining18_plus4.tsv	15	253511.81	NA
16	4wyq_flex_p2	4wyq	2	E394	D288;D289;D285;E367;E371;E373;E365;E391;E390;E372;E370	E372;E370		11	12	20	structures/4wyq.min.reduce.renum.pdb	adc46edd5b0e67e235edd709ef040a657aa4b1141cf7f4573ca6c79caadbfbc0	12631847_30	16	192	160	retained	30	frontier.tsv	18	257279.88	NA
133	4znc_flex_p6	4znc	6	E534	F716;F733;F731;F718;E499;E528;E497;E533;E500;F732;E535;E496;F717			13	14	20	structures/4znc.min.reduce.renum.pdb	19d4423b65055cbb79be8cde77db8b6bf0da4e5d2ced3c0c1c809dfb710525db	12651516_48	16	96	64	/usr/xtmp/lz280/packstar_flex_frontier38_20260920/prep_12651495/package	48	frontier_remaining18_plus4.tsv	48	266986.25	NA
54	3u7y_flex_p5	3u7y	5	G384;G382	G385;L587;L649;L648;G386;L586;L650;G383	L648;G386;L586;L650;G383		8	10	39	structures/3u7y.min.reduce.renum.pdb	05c017babffa70e299ede4dd2e7a2982d50ab3054755309c29099ff13f2678b5	12633776_10	16	128	96	/usr/xtmp/lz280/packstar_flex_frontier16_20260918/prep_12633774/package	10	frontier_add4.tsv	10	278260.16	NA
118	4hem_flex_p3	4hem	3	C372	B226;C326;C303;C318;C360;C377;C322;C332;C328;C330;C353;C331;C321;C359			14	15	20	structures/4hem.min.reduce.renum.pdb	b5d1eaff99cd81f870187217f91cc64703de161fd6a950826be8724e8980fc3b	12651522_33	16	96	64	/usr/xtmp/lz280/packstar_flex_frontier38_20260920/prep_12651495/package	33	frontier_remaining18_plus4.tsv	33	330783.87	NA
134	3gxu_flex_p10	3gxu	10	A30	B249;B250;B251;B252;A29;A31;B248;B204;A40;B206;B205;B203;A39			13	14	20	structures/3gxu.min.reduce.renum.pdb	e3fdfb0e15b6d338d12b7c35e8504d74c54fc6bff6745b2987e740ba87998d64	12651516_49	16	96	64	/usr/xtmp/lz280/packstar_flex_frontier38_20260920/prep_12651495/package	49	frontier_remaining18_plus4.tsv	49	341282.42	NA
153	2rl0_flex_p1	2rl0	1	A85	G95;G97;A75;A65;A63;A49;A48;A51;A50;A87;A77;A76;G96	G96		13	14	20	structures/2rl0.min.reduce.renum.pdb	17c3fc75a1a7799e94a0516af23187018499c3923868a87d8c4825fdf22ebbfd	12686144_16	16	192	160	/usr/xtmp/lz280/markstar_backfill_20260922/prep_12686118/package	16	frontier_backfill25.tsv	16	374068.01	NA
4	4u3s_flex_m1	4u3s	-1	B280;B277	B309;B276;B273;A32;A76;A145;A97;A94;A93;A95		B274	10	12	39	structures/4u3s.min.reduce.renum.pdb	96a204e521a8e3b9f1ee81384d85e85d1250ca75e7c00027dc6cd4bf47b7e913	12631847_4	16	192	160	retained	4	frontier.tsv	4	456082.39	NA
28	5dc4_flex_p3	5dc4	3	A95;A28	B176;B172;B173;B174;A25;A26;A97;A21;A46;A24;A29;A47	A24;A29;A47		12	14	39	structures/5dc4.min.reduce.renum.pdb	f1dc1758bd76057ce195cabfc51efcafce37d661b9fc5cc8c24a8375649c07d1	12632191_10	16	192	160	added	10	frontier.tsv	30	496088.65	NA
159	3eb6_flex_p6	3eb6	6	A44;A45	B128;A55;A29;A19;A42;A41;A37;A30;A38;A28;A54;A40;B129	A30;A38;A28;A54;A40;B129		13	15	39	structures/3eb6.min.reduce.renum.pdb	cd633dddedd01529c022eed488818b918e3dc5c5e88d740014aa24dada36a76f	12686144_22	16	192	160	/usr/xtmp/lz280/markstar_backfill_20260922/prep_12686118/package	22	frontier_backfill25.tsv	22	550274.32	NA
55	3u7y_flex_p6	3u7y	6	G384;G382	G385;L587;L649;L648;G386;L586;L650;G383;G381	L648;G386;L586;L650;G383;G381		9	11	39	structures/3u7y.min.reduce.renum.pdb	05c017babffa70e299ede4dd2e7a2982d50ab3054755309c29099ff13f2678b5	12633776_11	16	128	96	/usr/xtmp/lz280/packstar_flex_frontier16_20260918/prep_12633774/package	11	frontier_add4.tsv	11	557317.58	NA
123	4pxf_flex_p5	4pxf	5	A249	B328;B330;A246;A245;A226;A225;A138;A229;A244;A247;A227;A139;A250			13	14	20	structures/4pxf.min.reduce.renum.pdb	0297976728b341c0a76ad496fcdaa1fe586b199ac18524f892b6ef47fea35d2c	12651523_38	16	96	64	/usr/xtmp/lz280/packstar_flex_frontier38_20260920/prep_12651495/package	38	frontier_remaining18_plus4.tsv	38	593740.44	NA
18	1a0r_flex_m2	1a0r	-2	G390	G387;G392;B280;B281;B283;B279;B284		G393;G386	7	8	20	structures/1a0r.min.reduce.renum.pdb	1dafb36daca93ee3e6db23e7bb648d96f7f67e14fb5bce94f2efa036a3e85b2d	12632191_0	16	192	160	added	0	frontier.tsv	20	630001.2	NA
110	3cal_flex_p3	3cal	3	C147	D212;C126;C128;C113;C137;C111;C139;C120;C149;C125;C148;C127			12	13	20	structures/3cal.min.reduce.renum.pdb	ae9d613aad4f87b80cd00c5aa3dfcf518dbd91c3aa007f6f28ae191f264f37f1	12651523_25	16	96	64	/usr/xtmp/lz280/packstar_flex_frontier38_20260920/prep_12651495/package	25	frontier_remaining18_plus4.tsv	25	641913.61	NA
129	5d68_flex_p2	5d68	2	A313	C903;C937;C905;C910;C935;C914;A310;A309;A265;A261;A262;C934;C906			13	14	20	structures/5d68.min.reduce.renum.pdb	7f14a6d67cb5b879a5fe4e1a37f793ae2e82adc251545f36deaa59bd78abb1b2	12651522_44	16	96	64	/usr/xtmp/lz280/packstar_flex_frontier38_20260920/prep_12651495/package	44	frontier_remaining18_plus4.tsv	44	730282.83	NA
144	4z80_flex_p1	4z80	1	D967;D970	D972;D971;D969;B621;B620;B646;B758;B756;B649;B760;B563;B663;B759	B759		13	15	39	structures/4z80.min.reduce.renum.pdb	3b9938f38c7a5d45ca5985d0069f19de191894389f918af3d1e30406d989724d	12686144_7	16	192	160	/usr/xtmp/lz280/markstar_backfill_20260922/prep_12686118/package	7	frontier_backfill25.tsv	7	812452.0	NA
13	3k3q_flex_p0	3k3q	0	C444;C440	B254;B316;B253;B263;B358;B284;C416;C456;C454;C446;C436;C420;C413;C437;C439			15	17	39	structures/3k3q.min.reduce.renum.pdb	c304d4f14e5f9ea391f67d824dac985117354bcf840418913063edf0c0473bf4	12631847_13	16	192	160	retained	13	frontier.tsv	13	822634.96	NA
11	5a6y_flex_p1	5a6y	1	D455;D452	D356;D359;D431;D355;D429;D450;D453;D396;C274;D363;C247;C275;C334;C331;D454	D454		15	17	39	structures/5a6y.min.reduce.renum.pdb	53066d5b532226fcdeddb6a19e6b183dedcedcdc51578da23a8d53dd19e0090a	12631847_11	16	192	160	retained	11	frontier.tsv	11	834301.93	NA
154	2rl0_flex_p2	2rl0	2	A85	G95;G97;A75;A65;A63;A49;A48;A51;A50;A87;A77;A76;G96;G94	G96;G94		14	15	20	structures/2rl0.min.reduce.renum.pdb	17c3fc75a1a7799e94a0516af23187018499c3923868a87d8c4825fdf22ebbfd	12686144_17	16	192	160	/usr/xtmp/lz280/markstar_backfill_20260922/prep_12686118/package	17	frontier_backfill25.tsv	17	867324.59	NA
29	5dc4_flex_p4	5dc4	4	A95;A28	B176;B172;B173;B174;A25;A26;A97;A21;A46;A24;A29;A47;B171	A24;A29;A47;B171		13	15	39	structures/5dc4.min.reduce.renum.pdb	f1dc1758bd76057ce195cabfc51efcafce37d661b9fc5cc8c24a8375649c07d1	12632191_11	16	192	160	added	11	frontier.tsv	31	931587.97	NA
135	4wem_flex_p10	4wem	10	B347	B357;B278;A42;A4;B356;A3;A43;A5;A41;B279;B277;A196;B276;B346			14	15	21	structures/4wem.min.reduce.renum.pdb	92f57e7f95c986bc8a452f99310c7b95971a58ccbddbc0a9b9b5d5c8522f9216	12651516_50	16	96	64	/usr/xtmp/lz280/packstar_flex_frontier38_20260920/prep_12651495/package	50	frontier_remaining18_plus4.tsv	50	946194.53	NA
5	4u3s_flex_p0	4u3s	0	B280;B277	B309;B276;B273;B274;A32;A76;A145;A97;A94;A93;A95			11	13	39	structures/4u3s.min.reduce.renum.pdb	96a204e521a8e3b9f1ee81384d85e85d1250ca75e7c00027dc6cd4bf47b7e913	12631847_5	16	192	160	retained	5	frontier.tsv	5	1050164.73	NA
83	5it3_flex_p9	5it3	9	A41	B134;B153;A37;A34;A38;B133;B135;A39;A40;A35;A36;A33;A42;B137	B133;B135;A39;A40;A35;A36;A33;A42;B137		14	15	20	structures/5it3.min.reduce.renum.pdb	385250d44183624e89b21ca3ce213004c8f149a941f52f743a8dd20de870424c	12643021_14	16	128	96	/usr/xtmp/lz280/packstar_flex_frontier20_20260919/prep_12643020/package	14	frontier_small4.tsv	14	1168160.98	NA
