design_id	action	reported_status	requested_cpus	limit_hours	combined_concurrency	gate	cpu_rule
1b6c_flex_p0	DEFER_UNSTARTED	PENDING_OR_NOT_BUILT	64	336	6	NONE	Use same actual CPU model as existing current-round same-system anchor; verify model before launch
1gwc_flex_p0	DEFER_UNSTARTED	PENDING_OR_NOT_BUILT	64	336	6	NONE	Use same actual CPU model as existing current-round same-system anchor; verify model before launch
1gwc_flex_p1	KEEP_COMPLETED	COMPLETED	64	336	6	NONE	Use same actual CPU model as existing current-round same-system anchor; verify model before launch
2hnu_flex_p2	DEFER_UNSTARTED	PENDING_OR_NOT_BUILT	64	336	6	NONE	Use same actual CPU model as existing current-round same-system anchor; verify model before launch
2hnu_flex_p3	DEFER_UNSTARTED	PENDING_OR_NOT_BUILT	64	336	6	NONE	Use same actual CPU model as existing current-round same-system anchor; verify model before launch
2hnv_flex_p1	DEFER_UNSTARTED	PENDING_OR_NOT_BUILT	64	336	6	NONE	Use same actual CPU model as existing current-round same-system anchor; verify model before launch
2hnv_flex_p2	DEFER_UNSTARTED	PENDING_OR_NOT_BUILT	64	336	6	NONE	Use same actual CPU model as existing current-round same-system anchor; verify model before launch
2hnv_flex_p3	KEEP_COMPLETED	COMPLETED	64	336	6	NONE	Use same actual CPU model as existing current-round same-system anchor; verify model before launch
2hnv_flex_p4	KEEP_COMPLETED	COMPLETED	64	336	6	NONE	Use same actual CPU model as existing current-round same-system anchor; verify model before launch
2p4a_flex_p4	DEFER_UNSTARTED	PENDING_OR_NOT_BUILT	64	336	6	NONE	Use same actual CPU model as existing current-round same-system anchor; verify model before launch
2p4a_flex_p5	DEFER_UNSTARTED	PENDING_OR_NOT_BUILT	64	336	6	NONE	Use same actual CPU model as existing current-round same-system anchor; verify model before launch
2p4a_flex_p6	DEFER_UNSTARTED	PENDING_OR_NOT_BUILT	64	336	6	NONE	Use same actual CPU model as existing current-round same-system anchor; verify model before launch
2p4a_flex_p9	KEEP_COVERAGE	PENDING_OR_NOT_BUILT	64	336	6	NONE	Use same actual CPU model as existing current-round same-system anchor; verify model before launch
2q1e_flex_p2	DEFER_UNSTARTED	PENDING_OR_NOT_BUILT	64	336	6	NONE	Use same actual CPU model as existing current-round same-system anchor; verify model before launch
2q1e_flex_p3	KEEP_COMPLETED	COMPLETED	64	336	6	NONE	Use same actual CPU model as existing current-round same-system anchor; verify model before launch
2q1e_flex_p6	PROPOSE_NEW_PRIMARY	PENDING_OR_NOT_BUILT	64	336	6	NONE	Use same actual CPU model as existing current-round same-system anchor; verify model before launch
2q2a_flex_p0	DEFER_UNSTARTED	PENDING_OR_NOT_BUILT	64	336	6	NONE	Use same actual CPU model as existing current-round same-system anchor; verify model before launch
2q2a_flex_p1	KEEP_COMPLETED	COMPLETED	64	336	6	NONE	Use same actual CPU model as existing current-round same-system anchor; verify model before launch
2q2a_flex_p2	KEEP_COMPLETED	COMPLETED	64	336	6	NONE	Use same actual CPU model as existing current-round same-system anchor; verify model before launch
2q2a_flex_p3	DEFER_UNSTARTED	PENDING_OR_NOT_BUILT	64	336	6	NONE	Use same actual CPU model as existing current-round same-system anchor; verify model before launch
2rf9_flex_p7	KEEP_COMPLETED	COMPLETED	64	336	6	NONE	Use same actual CPU model as existing current-round same-system anchor; verify model before launch
2rf9_flex_p8	KEEP_COMPLETED	COMPLETED	64	336	6	NONE	Use same actual CPU model as existing current-round same-system anchor; verify model before launch
2rf9_flex_p9	KEEP_COMPLETED	COMPLETED	64	336	6	NONE	Use same actual CPU model as existing current-round same-system anchor; verify model before launch
2rfd_flex_p0	DEFER_UNSTARTED	PENDING_OR_NOT_BUILT	64	336	6	NONE	Use same actual CPU model as existing current-round same-system anchor; verify model before launch
2rfd_flex_p1	KEEP_COMPLETED	COMPLETED	64	336	6	NONE	Use same actual CPU model as existing current-round same-system anchor; verify model before launch
2rfd_flex_p2	KEEP_COMPLETED	COMPLETED	64	336	6	NONE	Use same actual CPU model as existing current-round same-system anchor; verify model before launch
2rfd_flex_p3	KEEP_COMPLETED	COMPLETED	64	336	6	NONE	Use same actual CPU model as existing current-round same-system anchor; verify model before launch
2rfd_flex_p4	KEEP_COMPLETED	COMPLETED	64	336	6	NONE	Use same actual CPU model as existing current-round same-system anchor; verify model before launch
2rfd_flex_p6	DEFER_UNSTARTED	PENDING_OR_NOT_BUILT	64	336	6	NONE	Use same actual CPU model as existing current-round same-system anchor; verify model before launch
2rfd_flex_p7	DEFER_UNSTARTED	PENDING_OR_NOT_BUILT	64	336	6	NONE	Use same actual CPU model as existing current-round same-system anchor; verify model before launch
2rfd_flex_p8	DEFER_UNSTARTED	PENDING_OR_NOT_BUILT	64	336	6	NONE	Use same actual CPU model as existing current-round same-system anchor; verify model before launch
2rfe_flex_p0	KEEP_COMPLETED	COMPLETED	64	336	6	NONE	Use same actual CPU model as existing current-round same-system anchor; verify model before launch
2rfe_flex_p1	KEEP_COMPLETED	COMPLETED	64	336	6	NONE	Use same actual CPU model as existing current-round same-system anchor; verify model before launch
2rfe_flex_p2	DEFER_UNSTARTED	PENDING_OR_NOT_BUILT	64	336	6	NONE	Use same actual CPU model as existing current-round same-system anchor; verify model before launch
2rl0_flex_m1	KEEP_REPORTED_RUNNING	REPORTED_RUNNING	64	336	6	NONE	Use same actual CPU model as existing current-round same-system anchor; verify model before launch
2rl0_flex_p0	KEEP_COMPLETED	COMPLETED	64	336	6	NONE	Use same actual CPU model as existing current-round same-system anchor; verify model before launch
2xgy_flex_m1	KEEP_COVERAGE	PENDING_OR_NOT_BUILT	64	336	6	NONE	Use same actual CPU model as existing current-round same-system anchor; verify model before launch
2xgy_flex_m2	DEFER_UNSTARTED	PENDING_OR_NOT_BUILT	64	336	6	NONE	Use same actual CPU model as existing current-round same-system anchor; verify model before launch
2xgy_flex_p0	KEEP_PRIMARY	PENDING_OR_NOT_BUILT	64	336	6	NONE	Use same actual CPU model as existing current-round same-system anchor; verify model before launch
2xxm_flex_p0	DEFER_UNSTARTED	PENDING_OR_NOT_BUILT	64	336	6	NONE	Use same actual CPU model as existing current-round same-system anchor; verify model before launch
2xxm_flex_p1	KEEP_COMPLETED	COMPLETED_USER_REPORT	64	336	6	NONE	Use same actual CPU model as existing current-round same-system anchor; verify model before launch
3bu8_flex_p7	DEFER_UNSTARTED	PENDING_OR_NOT_BUILT	64	336	6	NONE	Use same actual CPU model as existing current-round same-system anchor; verify model before launch
3bu8_flex_p8	DEFER_UNSTARTED	PENDING_OR_NOT_BUILT	64	336	6	NONE	Use same actual CPU model as existing current-round same-system anchor; verify model before launch
3bu8_flex_p9	KEEP_COMPLETED	COMPLETED	64	336	6	NONE	Use same actual CPU model as existing current-round same-system anchor; verify model before launch
3bua_flex_m1	DEFER_UNSTARTED	PENDING_OR_NOT_BUILT	64	336	6	NONE	Use same actual CPU model as existing current-round same-system anchor; verify model before launch
3bua_flex_m2	KEEP_CONTINUATION_RESERVE	PENDING_OR_NOT_BUILT	64	336	6	NONE	Use same actual CPU model as existing current-round same-system anchor; verify model before launch
3bua_flex_m4	PROPOSE_NEW_COVERAGE	PENDING_OR_NOT_BUILT	64	336	6	NONE	Use same actual CPU model as existing current-round same-system anchor; verify model before launch
3eb6_flex_p3	DEFER_UNSTARTED	PENDING_OR_NOT_BUILT	64	336	6	NONE	Use same actual CPU model as existing current-round same-system anchor; verify model before launch
3eb6_flex_p4	KEEP_COMPLETED	COMPLETED	64	336	6	NONE	Use same actual CPU model as existing current-round same-system anchor; verify model before launch
3gxu_flex_p0	DEFER_UNSTARTED	PENDING_OR_NOT_BUILT	64	336	6	NONE	Use same actual CPU model as existing current-round same-system anchor; verify model before launch
3gxu_flex_p1	DEFER_UNSTARTED	PENDING_OR_NOT_BUILT	64	336	6	NONE	Use same actual CPU model as existing current-round same-system anchor; verify model before launch
3gxu_flex_p12	PROPOSE_NEW_PRIMARY	PENDING_OR_NOT_BUILT	64	336	6	NONE	Use same actual CPU model as existing current-round same-system anchor; verify model before launch
3gxu_flex_p2	DEFER_UNSTARTED	PENDING_OR_NOT_BUILT	64	336	6	NONE	Use same actual CPU model as existing current-round same-system anchor; verify model before launch
3gxu_flex_p3	DEFER_UNSTARTED	PENDING_OR_NOT_BUILT	64	336	6	NONE	Use same actual CPU model as existing current-round same-system anchor; verify model before launch
3gxu_flex_p4	DEFER_UNSTARTED	PENDING_OR_NOT_BUILT	64	336	6	NONE	Use same actual CPU model as existing current-round same-system anchor; verify model before launch
3gxu_flex_p5	DEFER_UNSTARTED	PENDING_OR_NOT_BUILT	64	336	6	NONE	Use same actual CPU model as existing current-round same-system anchor; verify model before launch
3gxu_flex_p6	DEFER_UNSTARTED	PENDING_OR_NOT_BUILT	64	336	6	NONE	Use same actual CPU model as existing current-round same-system anchor; verify model before launch
3gxu_flex_p7	DEFER_UNSTARTED	PENDING_OR_NOT_BUILT	64	336	6	NONE	Use same actual CPU model as existing current-round same-system anchor; verify model before launch
3gxu_flex_p8	DEFER_UNSTARTED	PENDING_OR_NOT_BUILT	64	336	6	NONE	Use same actual CPU model as existing current-round same-system anchor; verify model before launch
3gxu_flex_p9	KEEP_COMPLETED	COMPLETED	64	336	6	NONE	Use same actual CPU model as existing current-round same-system anchor; verify model before launch
3ma2_flex_p0	KEEP_COVERAGE	PENDING_OR_NOT_BUILT	64	336	6	NONE	Use same actual CPU model as existing current-round same-system anchor; verify model before launch
3ma2_flex_p1	KEEP_CONTINUATION_RESERVE	PENDING_OR_NOT_BUILT	64	336	6	NONE	Use same actual CPU model as existing current-round same-system anchor; verify model before launch
3u7y_flex_p0	DEFER_UNSTARTED	PENDING_OR_NOT_BUILT	64	336	6	NONE	Use same actual CPU model as existing current-round same-system anchor; verify model before launch
3u7y_flex_p2	DEFER_UNSTARTED	PENDING_OR_NOT_BUILT	64	336	6	NONE	Use same actual CPU model as existing current-round same-system anchor; verify model before launch
3u7y_flex_p3	KEEP_COMPLETED	COMPLETED	64	336	6	NONE	Use same actual CPU model as existing current-round same-system anchor; verify model before launch
4hem_flex_p1	KEEP_COMPLETED	COMPLETED	64	336	6	NONE	Use same actual CPU model as existing current-round same-system anchor; verify model before launch
4hem_flex_p2	KEEP_COMPLETED	COMPLETED	64	336	6	NONE	Use same actual CPU model as existing current-round same-system anchor; verify model before launch
4kt6_flex_p0	DEFER_UNSTARTED	PENDING_OR_NOT_BUILT	64	336	6	NONE	Use same actual CPU model as existing current-round same-system anchor; verify model before launch
4kt6_flex_p1	KEEP_COMPLETED	COMPLETED	64	336	6	NONE	Use same actual CPU model as existing current-round same-system anchor; verify model before launch
4wem_flex_p6	DEFER_UNSTARTED	PENDING_OR_NOT_BUILT	64	336	6	NONE	Use same actual CPU model as existing current-round same-system anchor; verify model before launch
4wem_flex_p7	DEFER_UNSTARTED	PENDING_OR_NOT_BUILT	64	336	6	NONE	Use same actual CPU model as existing current-round same-system anchor; verify model before launch
4wem_flex_p8	DEFER_UNSTARTED	PENDING_OR_NOT_BUILT	64	336	6	NONE	Use same actual CPU model as existing current-round same-system anchor; verify model before launch
4wem_flex_p9	KEEP_COMPLETED	COMPLETED	64	336	6	NONE	Use same actual CPU model as existing current-round same-system anchor; verify model before launch
4wwi_flex_p1	KEEP_COVERAGE	LOCAL_PENDING_COPY_CANCELLED	64	336	6	NONE	Use same actual CPU model as existing current-round same-system anchor; verify model before launch
4wwi_flex_p2	KEEP_CONTINUATION_RESERVE	PENDING_OR_NOT_BUILT	64	336	6	NONE	Use same actual CPU model as existing current-round same-system anchor; verify model before launch
4wwi_flex_p3	DEFER_UNSTARTED	PENDING_OR_NOT_BUILT	64	336	6	NONE	Use same actual CPU model as existing current-round same-system anchor; verify model before launch
4wyq_flex_p0	KEEP_COMPLETED	COMPLETED	64	336	6	NONE	Use same actual CPU model as existing current-round same-system anchor; verify model before launch
4wyu_flex_p0	KEEP_COVERAGE	PENDING_OR_NOT_BUILT	64	336	6	NONE	Use same actual CPU model as existing current-round same-system anchor; verify model before launch
4wyu_flex_p1	KEEP_CONTINUATION_RESERVE	PENDING_OR_NOT_BUILT	64	336	6	NONE	Use same actual CPU model as existing current-round same-system anchor; verify model before launch
4z80_flex_m1	DEFER_UNSTARTED	PENDING_OR_NOT_BUILT	64	336	6	NONE	Use same actual CPU model as existing current-round same-system anchor; verify model before launch
4z80_flex_m2	DEFER_UNSTARTED	PENDING_OR_NOT_BUILT	64	336	6	NONE	Use same actual CPU model as existing current-round same-system anchor; verify model before launch
4znc_flex_p0	DEFER_UNSTARTED	PENDING_OR_NOT_BUILT	64	336	6	NONE	Use same actual CPU model as existing current-round same-system anchor; verify model before launch
4znc_flex_p1	DEFER_UNSTARTED	PENDING_OR_NOT_BUILT	64	336	6	NONE	Use same actual CPU model as existing current-round same-system anchor; verify model before launch
4znc_flex_p2	DEFER_UNSTARTED	PENDING_OR_NOT_BUILT	64	336	6	NONE	Use same actual CPU model as existing current-round same-system anchor; verify model before launch
4znc_flex_p3	DEFER_UNSTARTED	PENDING_OR_NOT_BUILT	64	336	6	NONE	Use same actual CPU model as existing current-round same-system anchor; verify model before launch
4znc_flex_p4	DEFER_UNSTARTED	PENDING_OR_NOT_BUILT	64	336	6	NONE	Use same actual CPU model as existing current-round same-system anchor; verify model before launch
4znc_flex_p5	DEFER_UNSTARTED	PENDING_OR_NOT_BUILT	64	336	6	NONE	Use same actual CPU model as existing current-round same-system anchor; verify model before launch
5d68_flex_p0	DEFER_UNSTARTED	PENDING_OR_NOT_BUILT	64	336	6	NONE	Use same actual CPU model as existing current-round same-system anchor; verify model before launch
5dc0_flex_p0	DEFER_UNSTARTED	PENDING_OR_NOT_BUILT	64	336	6	NONE	Use same actual CPU model as existing current-round same-system anchor; verify model before launch
5dc0_flex_p1	DEFER_UNSTARTED	PENDING_OR_NOT_BUILT	64	336	6	NONE	Use same actual CPU model as existing current-round same-system anchor; verify model before launch
5dc0_flex_p10	PROPOSE_NEW_PRIMARY	PENDING_OR_NOT_BUILT	64	336	6	NONE	Use same actual CPU model as existing current-round same-system anchor; verify model before launch
5dc0_flex_p2	DEFER_UNSTARTED	PENDING_OR_NOT_BUILT	64	336	6	NONE	Use same actual CPU model as existing current-round same-system anchor; verify model before launch
5dc0_flex_p3	DEFER_UNSTARTED	PENDING_OR_NOT_BUILT	64	336	6	NONE	Use same actual CPU model as existing current-round same-system anchor; verify model before launch
5dc0_flex_p4	KEEP_COMPLETED	COMPLETED	64	336	6	NONE	Use same actual CPU model as existing current-round same-system anchor; verify model before launch
5dc0_flex_p5	DEFER_UNSTARTED	PENDING_OR_NOT_BUILT	64	336	6	NONE	Use same actual CPU model as existing current-round same-system anchor; verify model before launch
5dc0_flex_p6	DEFER_UNSTARTED	PENDING_OR_NOT_BUILT	64	336	6	NONE	Use same actual CPU model as existing current-round same-system anchor; verify model before launch
5dc0_flex_p7	DEFER_UNSTARTED	PENDING_OR_NOT_BUILT	64	336	6	NONE	Use same actual CPU model as existing current-round same-system anchor; verify model before launch
5dc4_flex_p0	KEEP_COMPLETED	COMPLETED	64	336	6	NONE	Use same actual CPU model as existing current-round same-system anchor; verify model before launch
5em2_flex_p2	DEFER_UNSTARTED	PENDING_OR_NOT_BUILT	64	336	6	NONE	Use same actual CPU model as existing current-round same-system anchor; verify model before launch
5em2_flex_p3	DEFER_UNSTARTED	PENDING_OR_NOT_BUILT	64	336	6	NONE	Use same actual CPU model as existing current-round same-system anchor; verify model before launch
5em2_flex_p4	KEEP_REPORTED_RUNNING	REPORTED_RUNNING	64	336	6	NONE	Use same actual CPU model as existing current-round same-system anchor; verify model before launch
5em2_flex_p5	KEEP_REPORTED_RUNNING	REPORTED_RUNNING	64	336	6	NONE	Use same actual CPU model as existing current-round same-system anchor; verify model before launch
5em2_flex_p6	KEEP_COMPLETED	COMPLETED	64	336	6	NONE	Use same actual CPU model as existing current-round same-system anchor; verify model before launch
5it3_flex_p7	KEEP_COMPLETED	COMPLETED	64	336	6	NONE	Use same actual CPU model as existing current-round same-system anchor; verify model before launch
1gwc_flex_p4	DEFER_USER_REMOVED	WITHDRAWN_HANDOFF_REMOTE_STATE_UNVERIFIED	64	336	6	NONE	Verify and use the actual CPU model of the current-round same-system anchor; do not infer from partition
2p4a_flex_p12	APPEND_EXPLORATORY_ADDITION	HANDOFF_NOT_SUBMITTED_REMOTELY	64	336	6	NONE	Verify and use the actual CPU model of the current-round same-system anchor; do not infer from partition
2xxm_flex_p7	DEFER_USER_REMOVED	WITHDRAWN_HANDOFF_REMOTE_STATE_UNVERIFIED	64	336	6	NONE	Verify and use the actual CPU model of the current-round same-system anchor; do not infer from partition
3bu8_flex_p12	APPEND_EXPLORATORY_ADDITION	HANDOFF_NOT_SUBMITTED_REMOTELY	64	336	6	NONE	Verify and use the actual CPU model of the current-round same-system anchor; do not infer from partition
4kt6_flex_p4	DEFER_USER_REMOVED	WITHDRAWN_HANDOFF_REMOTE_STATE_UNVERIFIED	64	336	6	NONE	Verify and use the actual CPU model of the current-round same-system anchor; do not infer from partition
5dc0_flex_p9	KEEP_USER_ADDITION	NOT_SUBMITTED_REMOTELY	64	336	6	NONE	Match 5dc0_p4: Intel Xeon Platinum 8462Y+; verify actual model before launch
