design	system	action	current_assignment	proposed_destination	current_local_job	current_status	old_mark_hours	old_pack_minutes	historical_ratio
1a0r_flex_m1	1a0r	DEFER_UNSTARTED	local	local	12826674_5	LOCAL_PENDING_COPY_CANCELLED		22.214499999999997	907.5108600238584
1a0r_flex_m2	1a0r	KEEP_COMPLETED	local	local	12812439_10	COMPLETED	175.00033333333332	16.049	654.247616673936
1a0r_flex_p0	1a0r	KEEP_CONTINUATION_RESERVE	local	compsci	12827031_1	SUBMITTED_CPU_ONLY		23.6125	853.780836421387
1b6c_flex_p0	1b6c	DEFER_UNSTARTED	dcc	dcc		PENDING_OR_NOT_BUILT	7.3867111111111114	15.821333333333333	28.01297825720546
1b6c_flex_p1	1b6c	DEFER_UNSTARTED	local	local	12812439_45	LOCAL_PENDING_COPY_CANCELLED	34.86909444444444	21.90216666666667	95.52231514385943
1b6c_flex_p2	1b6c	KEEP_COVERAGE	local	compsci	12812439_41	PENDING	46.098283333333335	27.471166666666665	100.68363799620208
1gwc_flex_p0	1gwc	DEFER_UNSTARTED	dcc	dcc		PENDING_OR_NOT_BUILT	6.973194444444444	14.432833333333333	28.9888795223853
1gwc_flex_p1	1gwc	KEEP_COMPLETED	dcc	dcc		COMPLETED	15.099405555555556	15.209166666666667	59.56699358939237
1gwc_flex_p2	1gwc	DEFER_UNSTARTED	local	local	12812439_48	LOCAL_PENDING_COPY_CANCELLED	31.73201388888889	20.887333333333334	91.15193418658836
1gwc_flex_p3	1gwc	DEFER_UNSTARTED	local	local	12826674_10	LOCAL_PENDING_COPY_CANCELLED		43.205666666666666	466.6054607034571
2hnu_flex_p2	2hnu	DEFER_UNSTARTED	dcc	dcc		PENDING_OR_NOT_BUILT	4.012244444444445	10.050166666666666	23.953300940282915
2hnu_flex_p3	2hnu	DEFER_UNSTARTED	dcc	dcc		PENDING_OR_NOT_BUILT	7.093511111111111	11.788166666666665	36.104907463699476
2hnu_flex_p4	2hnu	DEFER_UNSTARTED	local	local	12812439_56	LOCAL_PENDING_COPY_CANCELLED	26.863511111111112	12.914833333333332	124.80305591761412
2hnu_flex_p5	2hnu	KEEP_COVERAGE	local	compsci	12812439_52	PENDING	28.948294444444446	13.914166666666667	124.82944241480506
2hnv_flex_p1	2hnv	DEFER_UNSTARTED	dcc	dcc		PENDING_OR_NOT_BUILT	2.3380972222222223	8.739833333333333	16.05131676805431
2hnv_flex_p2	2hnv	DEFER_UNSTARTED	dcc	dcc		PENDING_OR_NOT_BUILT	4.729094444444445	9.911166666666666	28.628886609379997
2hnv_flex_p3	2hnv	KEEP_COMPLETED	dcc	dcc		COMPLETED	13.292772222222224	11.457166666666666	69.61287694747102
2hnv_flex_p4	2hnv	KEEP_COMPLETED	dcc	dcc		COMPLETED	12.8011	12.994	59.10928120671079
2hnv_flex_p5	2hnv	DEFER_UNSTARTED	local	local	12812439_47	LOCAL_PENDING_COPY_CANCELLED	32.08253888888889	22.653833333333335	84.97247706422019
2p4a_flex_p4	2p4a	DEFER_UNSTARTED	dcc	dcc		PENDING_OR_NOT_BUILT	0.30233611111111114	8.196333333333333	2.2132050917076747
2p4a_flex_p5	2p4a	DEFER_UNSTARTED	dcc	dcc		PENDING_OR_NOT_BUILT	0.40399722222222223	9.150666666666666	2.648969109718782
2p4a_flex_p6	2p4a	DEFER_UNSTARTED	dcc	dcc		PENDING_OR_NOT_BUILT	1.1016083333333333	10.064666666666666	6.567182221633437
2p4a_flex_p9	2p4a	KEEP_COVERAGE	dcc	dcc		PENDING_OR_NOT_BUILT	4.561761111111111	18.838666666666665	14.528929860570459
2q1e_flex_p2	2q1e	DEFER_UNSTARTED	dcc	dcc		PENDING_OR_NOT_BUILT	2.3902944444444443	4.984333333333334	28.773690898147528
2q1e_flex_p3	2q1e	KEEP_COMPLETED	dcc	dcc		COMPLETED	18.693602777777777	6.312166666666667	177.69115200802682
2q1e_flex_p4	2q1e	DEFER_UNSTARTED	local	local	12812439_29	LOCAL_PENDING_COPY_CANCELLED	70.41994722222222	8.4885	497.75541418782274
2q1e_flex_p6	2q1e	PROPOSE_NEW_PRIMARY	NOT_BUILT	dcc		PENDING_OR_NOT_BUILT			NA
2q2a_flex_p0	2q2a	DEFER_UNSTARTED	dcc	dcc		PENDING_OR_NOT_BUILT	8.66885	9.152833333333332	56.82732123022016
2q2a_flex_p1	2q2a	KEEP_COMPLETED	dcc	dcc		COMPLETED	14.754638888888888	9.817	90.17809242470544
2q2a_flex_p2	2q2a	KEEP_COMPLETED	dcc	dcc		COMPLETED	15.422033333333333	12.125	76.31521649484536
2q2a_flex_p3	2q2a	DEFER_UNSTARTED	dcc	dcc	12812439_19	PENDING_OR_NOT_BUILT	111.974375	19.055	352.582655471005
2rf9_flex_p10	2rf9	DEFER_UNSTARTED	local	local	12812439_54	LOCAL_PENDING_COPY_CANCELLED	27.902830555555557	21.395333333333333	78.24929891253544
2rf9_flex_p11	2rf9	DEFER_UNSTARTED	local	local	12812439_39	LOCAL_PENDING_COPY_CANCELLED	46.802686111111115	23.824333333333335	117.86945419948792
2rf9_flex_p7	2rf9	KEEP_COMPLETED	dcc	dcc		COMPLETED	13.255272222222223	15.825166666666666	50.25642699918906
2rf9_flex_p8	2rf9	KEEP_COMPLETED	dcc	dcc		COMPLETED	16.967869444444446	18.2085	55.91191842637596
2rf9_flex_p9	2rf9	KEEP_COMPLETED	dcc	dcc		COMPLETED	17.483844444444443	20.407500000000002	51.404173302298986
2rfd_flex_p0	2rfd	DEFER_UNSTARTED	dcc	dcc		PENDING_OR_NOT_BUILT	3.417275	23.410500000000003	8.758313577240981
2rfd_flex_p1	2rfd	KEEP_COMPLETED	dcc	dcc		COMPLETED	12.545313888888888	33.734833333333334	22.312807236832352
2rfd_flex_p2	2rfd	KEEP_COMPLETED	dcc	dcc		COMPLETED	14.607661111111112	37.412666666666674	23.426816229797392
2rfd_flex_p3	2rfd	KEEP_COMPLETED	dcc	dcc		COMPLETED	20.147358333333333	41.945166666666665	28.819566020717527
2rfd_flex_p4	2rfd	KEEP_COMPLETED	dcc	dcc		COMPLETED	23.41576388888889	47.02066666666666	29.87932611192242
2rfd_flex_p6	2rfd	DEFER_UNSTARTED	dcc	dcc	12812439_37	PENDING_OR_NOT_BUILT	52.500233333333334	53.324666666666666	59.0723617587858
2rfd_flex_p7	2rfd	DEFER_UNSTARTED	dcc	dcc	12812439_23	PENDING_OR_NOT_BUILT	84.91479722222223	65.32466666666667	77.99332309387981
2rfd_flex_p8	2rfd	DEFER_UNSTARTED	dcc	dcc		PENDING_OR_NOT_BUILT		86.75	232.39193083573488
2rfe_flex_p0	2rfe	KEEP_COMPLETED	dcc	dcc		COMPLETED	12.41503611111111	18.649333333333335	39.94256273682705
2rfe_flex_p1	2rfe	KEEP_COMPLETED	dcc	dcc		COMPLETED	24.610041666666664	25.8855	57.043615151339544
2rfe_flex_p2	2rfe	DEFER_UNSTARTED	dcc	dcc	12812439_27	PENDING_OR_NOT_BUILT	74.12150833333334	44.531666666666666	99.86804521127287
2rl0_flex_m1	2rl0	KEEP_REPORTED_RUNNING	dcc	dcc		REPORTED_RUNNING	9.838147222222222	11.544166666666666	51.133083086696026
2rl0_flex_p0	2rl0	KEEP_COMPLETED	dcc	dcc		COMPLETED	17.375283333333332	15.522833333333333	67.16022633325102
2rl0_flex_p1	2rl0	DEFER_UNSTARTED	local	local	12812439_20	LOCAL_PENDING_COPY_CANCELLED	103.90778055555556	19.43933333333333	320.71402482938373
2rl0_flex_p2	2rl0	KEEP_RUNNING	local	local	12812439_4	RUNNING	240.9234972222222	19.426166666666667	744.1205504602898
2rl0_flex_p3	2rl0	KEEP_PRIMARY	local	compsci	12826674_1	PENDING			NA
2rl0_flex_p4	2rl0	KEEP_CONTINUATION_RESERVE	local	local	12827033_3	SUBMITTED_CPU_ONLY			NA
2xgy_flex_m1	2xgy	KEEP_COVERAGE	dcc	dcc		PENDING_OR_NOT_BUILT	1.0814472222222222	9.156666666666666	7.086294139060794
2xgy_flex_m2	2xgy	DEFER_UNSTARTED	dcc	dcc		PENDING_OR_NOT_BUILT	0.47154999999999997	7.670166666666666	3.6887073292627277
2xgy_flex_p0	2xgy	KEEP_PRIMARY	dcc	dcc		PENDING_OR_NOT_BUILT		10.779833333333332	1870.1541458587797
2xxm_flex_p0	2xxm	DEFER_UNSTARTED	dcc	dcc		PENDING_OR_NOT_BUILT	6.163219444444445	9.0455	40.88145118198736
2xxm_flex_p1	2xxm	KEEP_PREVIOUSLY_STARTED_STATUS_UNCONFIRMED	dcc	dcc		PREVIOUSLY_STARTED_STATUS_UNCONFIRMED	10.237122222222222	13.241999999999999	46.384785782610884
2xxm_flex_p2	2xxm	DEFER_UNSTARTED	local	local	12812439_50	LOCAL_PENDING_COPY_CANCELLED	31.619327777777777	14.731666666666666	128.7810612060188
2xxm_flex_p3	2xxm	HOLD_COVERAGE_FALLBACK	local	local	12812439_43	PENDING	38.216811111111106	39.64216666666667	57.842667529944954
3bu8_flex_p10	3bu8	DEFER_UNSTARTED	local	local	12812439_32	LOCAL_PENDING_COPY_CANCELLED	58.904586111111115	15.849166666666667	222.9943845628056
3bu8_flex_p11	3bu8	DEFER_UNSTARTED	local	local	12812439_30	LOCAL_PENDING_COPY_CANCELLED	66.38157222222222	26.804333333333332	148.59143422083494
3bu8_flex_p7	3bu8	DEFER_UNSTARTED	dcc	dcc		PENDING_OR_NOT_BUILT	3.700861111111111	8.131499999999999	27.307589825575437
3bu8_flex_p8	3bu8	DEFER_UNSTARTED	dcc	dcc		PENDING_OR_NOT_BUILT	4.446636111111111	9.026	29.558848511706923
3bu8_flex_p9	3bu8	KEEP_COMPLETED	dcc	dcc		COMPLETED	10.439827777777777	11.380166666666666	55.04222258021997
3bua_flex_m1	3bua	DEFER_UNSTARTED	dcc	dcc		PENDING_OR_NOT_BUILT		58.53966666666667	344.38101799919144
3bua_flex_m2	3bua	KEEP_CONTINUATION_RESERVE	dcc	dcc		PENDING_OR_NOT_BUILT		31.987333333333332	630.2479106312916
3bua_flex_m4	3bua	PROPOSE_NEW_COVERAGE	NOT_BUILT	dcc		PENDING_OR_NOT_BUILT			NA
3cal_flex_p3	3cal	KEEP_RUNNING	local	local	12812439_9	RUNNING	178.3093361111111	12.908166666666666	828.8210435254167
3cal_flex_p4	3cal	KEEP_PRIMARY	local	compsci	12826674_7	PENDING		18.553333333333335	1086.592705713259
3cal_flex_p5	3cal	KEEP_CONTINUATION_RESERVE	local	local	12827034_4	SUBMITTED_CPU_ONLY		32.32283333333333	623.705636366449
3eb6_flex_p3	3eb6	DEFER_UNSTARTED	dcc	dcc		PENDING_OR_NOT_BUILT	1.0591555555555556	3.941666666666667	16.12245243128964
3eb6_flex_p4	3eb6	KEEP_COMPLETED	dcc	dcc		COMPLETED	10.608863888888889	6.696	95.06150438072483
3eb6_flex_p5	3eb6	DEFER_UNSTARTED	local	local	12812439_46	LOCAL_PENDING_COPY_CANCELLED	34.75971388888889	7.774	268.27667009690424
3eb6_flex_p6	3eb6	KEEP_RUNNING	local	local	12812439_13	RUNNING	152.85397777777777	14.748166666666666	621.8561855145837
3eb6_flex_p7	3eb6	KEEP_PRIMARY	NOT_BUILT	compsci	12827030_0	SUBMITTED_CPU_ONLY			NA
3gxu_flex_p0	3gxu	DEFER_UNSTARTED	dcc	dcc		PENDING_OR_NOT_BUILT	0.03538611111111111	0.8291666666666667	2.560603015075377
3gxu_flex_p1	3gxu	DEFER_UNSTARTED	dcc	dcc		PENDING_OR_NOT_BUILT	0.04622777777777778	0.998	2.7792251169004674
3gxu_flex_p10	3gxu	DEFER_UNSTARTED	local	local	12812439_21	LOCAL_PENDING_COPY_CANCELLED	94.80067222222222	7.608833333333333	747.5574880073599
3gxu_flex_p12	3gxu	PROPOSE_NEW_PRIMARY	NOT_BUILT	dcc		PENDING_OR_NOT_BUILT			NA
3gxu_flex_p2	3gxu	DEFER_UNSTARTED	dcc	dcc		PENDING_OR_NOT_BUILT	0.06394722222222222	1.1913333333333334	3.2206211527700055
3gxu_flex_p3	3gxu	DEFER_UNSTARTED	dcc	dcc		PENDING_OR_NOT_BUILT	0.06171666666666667	1.2948333333333333	2.859827519629296
3gxu_flex_p4	3gxu	DEFER_UNSTARTED	dcc	dcc		PENDING_OR_NOT_BUILT	0.0882388888888889	1.404	3.7708926875593547
3gxu_flex_p5	3gxu	DEFER_UNSTARTED	dcc	dcc		PENDING_OR_NOT_BUILT	0.13284166666666666	1.793	4.445343000557725
3gxu_flex_p6	3gxu	DEFER_UNSTARTED	dcc	dcc		PENDING_OR_NOT_BUILT	6.34295	6.287000000000001	60.533958962939394
3gxu_flex_p7	3gxu	DEFER_UNSTARTED	dcc	dcc		PENDING_OR_NOT_BUILT	2.089733333333333	6.355333333333333	19.728941571383615
3gxu_flex_p8	3gxu	DEFER_UNSTARTED	dcc	dcc		PENDING_OR_NOT_BUILT	6.505905555555555	6.364833333333333	61.32985938359213
3gxu_flex_p9	3gxu	KEEP_COMPLETED	dcc	dcc		COMPLETED	17.98289722222222	8.499166666666666	126.95054417099716
3k3q_flex_p0	3k3q	KEEP_COMPLETED	local	local	12812439_6	COMPLETED	228.5097111111111	34.678666666666665	395.36072128878465
3ma2_flex_p0	3ma2	KEEP_COVERAGE	dcc	dcc	12812439_14	PENDING_OR_NOT_BUILT	150.6355861111111	29.5775	305.57468233172733
3ma2_flex_p1	3ma2	KEEP_CONTINUATION_RESERVE	dcc	dcc		PENDING_OR_NOT_BUILT		36.6	550.818306010929
3u7y_flex_p0	3u7y	DEFER_UNSTARTED	dcc	dcc		PENDING_OR_NOT_BUILT	0.36215555555555556	8.957333333333334	2.4258707948794282
3u7y_flex_p2	3u7y	DEFER_UNSTARTED	dcc	dcc		PENDING_OR_NOT_BUILT	2.0306888888888888	13.699833333333334	8.893636175622573
3u7y_flex_p3	3u7y	KEEP_COMPLETED	dcc	dcc		COMPLETED	17.49632777777778	22.403166666666667	46.858539343396394
3u7y_flex_p4	3u7y	DEFER_UNSTARTED	local	local	12812439_42	LOCAL_PENDING_COPY_CANCELLED	45.701319444444444	26.352500000000003	104.05385320810802
3u7y_flex_p5	3u7y	DEFER_UNSTARTED	local	local	12812439_25	LOCAL_PENDING_COPY_CANCELLED	77.29448888888888	30.6145	151.4860387507009
3u7y_flex_p6	3u7y	KEEP_RUNNING	local	local	12812439_12	RUNNING	154.81043888888888	34.88316666666666	266.27818575339586
4hem_flex_p1	4hem	KEEP_COMPLETED	dcc	dcc		COMPLETED	11.293897222222222	12.976333333333335	52.22074802846207
4hem_flex_p2	4hem	KEEP_COMPLETED	dcc	dcc		COMPLETED	18.982222222222223	17.273333333333333	65.93593207255886
4hem_flex_p3	4hem	DEFER_UNSTARTED	local	local	12812439_22	LOCAL_PENDING_COPY_CANCELLED	91.88440833333333	19.682166666666667	280.104553191129
4kt6_flex_p0	4kt6	DEFER_UNSTARTED	dcc	dcc		PENDING_OR_NOT_BUILT	7.462397222222222	21.767166666666665	20.56968829199942
4kt6_flex_p1	4kt6	KEEP_COMPLETED	dcc	dcc		COMPLETED	23.63675	30.202333333333335	46.95680245455649
4kt6_flex_p2	4kt6	DEFER_UNSTARTED	local	local	12812439_35	LOCAL_PENDING_COPY_CANCELLED	56.93073888888889	34.3185	99.53361403713254
4pxf_flex_p4	4pxf	DEFER_UNSTARTED	local	local	12812439_49	LOCAL_PENDING_COPY_CANCELLED	31.65597222222222	12.8545	147.7582428980772
4pxf_flex_p5	4pxf	KEEP_RUNNING	local	local	12812439_11	RUNNING	164.9279	15.561833333333334	635.8938428419958
4pxf_flex_p6	4pxf	KEEP_PRIMARY	local	compsci	12826674_9	PENDING		20.392833333333332	988.5776866055886
4u3s_flex_m1	4u3s	DEFER_UNSTARTED	local	local	12812439_17	LOCAL_PENDING_COPY_CANCELLED	126.68955277777778	13.950833333333332	544.8687533600144
4u3s_flex_m2	4u3s	DEFER_UNSTARTED	local	local	12812439_36	LOCAL_PENDING_COPY_CANCELLED	54.425380555555556	11.937333333333333	273.55547023344127
4u3s_flex_p0	4u3s	KEEP_RUNNING	local	local	12812439_1	RUNNING	291.712425	17.853833333333334	980.3354368342932
4u3s_flex_p1	4u3s	KEEP_PRIMARY	local	fennario	12826673_0	PENDING			NA
4u3s_flex_p2	4u3s	KEEP_CONTINUATION_RESERVE	local	local	12827035_1	SUBMITTED_CPU_ONLY			NA
4wem_flex_p10	4wem	KEEP_RUNNING	local	local	12812439_2	RUNNING	262.8318138888889	15.9475	988.8640121231123
4wem_flex_p12	4wem	KEEP_PRIMARY	NOT_BUILT	fennario	12827029_0	SUBMITTED_CPU_ONLY			NA
4wem_flex_p6	4wem	DEFER_UNSTARTED	dcc	dcc		PENDING_OR_NOT_BUILT	2.4702249999999997	6.3294999999999995	23.416304605419068
4wem_flex_p7	4wem	DEFER_UNSTARTED	dcc	dcc		PENDING_OR_NOT_BUILT	5.001158333333333	8.354000000000001	35.91926023461814
4wem_flex_p8	4wem	DEFER_UNSTARTED	dcc	dcc		PENDING_OR_NOT_BUILT	9.089094444444445	9.591666666666667	56.85619461337967
4wem_flex_p9	4wem	KEEP_COMPLETED	dcc	dcc		COMPLETED	18.29863611111111	10.667	102.92661166838536
4wwi_flex_p1	4wwi	KEEP_COVERAGE	dcc	dcc	12812439_24	LOCAL_PENDING_COPY_CANCELLED	83.12355000000001	23.634	211.02703731911654
4wwi_flex_p2	4wwi	KEEP_CONTINUATION_RESERVE	dcc	dcc		PENDING_OR_NOT_BUILT		32.3525	623.1331942405275
4wwi_flex_p3	4wwi	DEFER_UNSTARTED	dcc	dcc		PENDING_OR_NOT_BUILT		73.80466666666666	273.1523300242984
4wyq_flex_p0	4wyq	KEEP_COMPLETED	dcc	dcc		COMPLETED	19.188213888888892	13.633166666666666	84.44793946136262
4wyq_flex_p1	4wyq	DEFER_UNSTARTED	local	local	12812439_55	LOCAL_PENDING_COPY_CANCELLED	27.40422222222222	14.776666666666667	111.27362959621024
4wyq_flex_p2	4wyq	DEFER_UNSTARTED	local	local	12812439_28	LOCAL_PENDING_COPY_CANCELLED	71.46663333333333	17.173000000000002	249.69417108251324
4wyq_flex_p3	4wyq	KEEP_CONTINUATION_RESERVE	local	compsci	12827032_2	SUBMITTED_CPU_ONLY		32.61683333333333	618.0842203156857
4wyu_flex_p0	4wyu	KEEP_COVERAGE	dcc	dcc	12812439_15	PENDING_OR_NOT_BUILT	139.73221388888888	23.8615	351.3581641277092
4wyu_flex_p1	4wyu	KEEP_CONTINUATION_RESERVE	dcc	dcc		PENDING_OR_NOT_BUILT		28.87316666666667	698.2244182891843
4z80_flex_m1	4z80	DEFER_UNSTARTED	dcc	dcc		PENDING_OR_NOT_BUILT	7.180372222222222	22.5695	19.08869639705502
4z80_flex_m2	4z80	DEFER_UNSTARTED	dcc	dcc		PENDING_OR_NOT_BUILT	3.4761499999999996	21.84	9.549862637362637
4z80_flex_p0	4z80	DEFER_UNSTARTED	local	local	12812439_31	LOCAL_PENDING_COPY_CANCELLED	60.713325	31.517	115.58205095662659
4z80_flex_p1	4z80	KEEP_RUNNING	local	local	12812439_7	RUNNING	225.6811111111111	48.53	279.0205371248025
4znc_flex_p0	4znc	DEFER_UNSTARTED	dcc	dcc		PENDING_OR_NOT_BUILT	1.894863888888889	7.671666666666667	14.819704540517055
4znc_flex_p1	4znc	DEFER_UNSTARTED	dcc	dcc		PENDING_OR_NOT_BUILT	2.1516694444444444	8.2615	15.626722346627933
4znc_flex_p2	4znc	DEFER_UNSTARTED	dcc	dcc		PENDING_OR_NOT_BUILT	3.00405	11.102166666666667	16.234939125996426
4znc_flex_p3	4znc	DEFER_UNSTARTED	dcc	dcc		PENDING_OR_NOT_BUILT	2.340402777777778	13.0145	10.789824170476521
4znc_flex_p4	4znc	DEFER_UNSTARTED	dcc	dcc		PENDING_OR_NOT_BUILT	4.082644444444445	13.03	18.79959068815554
4znc_flex_p5	4znc	DEFER_UNSTARTED	dcc	dcc		PENDING_OR_NOT_BUILT	5.630738888888889	14.567333333333332	23.19191341357375
4znc_flex_p6	4znc	KEEP_COVERAGE	local	compsci	12812439_26	PENDING	74.16284722222223	20.908166666666666	212.82453427289178
5a6y_flex_p0	5a6y	DEFER_UNSTARTED	local	local	12812439_38	LOCAL_PENDING_COPY_CANCELLED	49.62688333333333	21.867166666666666	136.16821261708955
5a6y_flex_p1	5a6y	KEEP_RUNNING	local	local	12812439_5	RUNNING	231.75053611111113	23.6255	588.5603338200956
5a6y_flex_p2	5a6y	KEEP_PRIMARY	local	compsci	12826674_3	PENDING		30.125	669.2099585062241
5d68_flex_p0	5d68	DEFER_UNSTARTED	dcc	dcc		PENDING_OR_NOT_BUILT	4.522519444444445	10.95	24.780928462709284
5d68_flex_p1	5d68	DEFER_UNSTARTED	local	local	12812439_51	LOCAL_PENDING_COPY_CANCELLED	29.270049999999998	11.859166666666665	148.0882299205959
5d68_flex_p2	5d68	KEEP_RUNNING	local	local	12812439_8	RUNNING	202.85634166666665	13.487833333333333	902.3970121220359
5d68_flex_p3	5d68	KEEP_PRIMARY	local	compsci	12826674_0	PENDING			NA
5dc0_flex_p0	5dc0	DEFER_UNSTARTED	dcc	dcc		PENDING_OR_NOT_BUILT	0.20003055555555557	3.3288333333333333	3.605417313373054
5dc0_flex_p1	5dc0	DEFER_UNSTARTED	dcc	dcc		PENDING_OR_NOT_BUILT	0.45542222222222223	4.814166666666667	5.676025618833304
5dc0_flex_p10	5dc0	PROPOSE_NEW_PRIMARY	NOT_BUILT	dcc		PENDING_OR_NOT_BUILT			NA
5dc0_flex_p2	5dc0	DEFER_UNSTARTED	dcc	dcc		PENDING_OR_NOT_BUILT	2.3291833333333334	7.634333333333333	18.305593153735316
5dc0_flex_p3	5dc0	DEFER_UNSTARTED	dcc	dcc		PENDING_OR_NOT_BUILT	4.677522222222223	8.8225	31.81086237838859
5dc0_flex_p4	5dc0	KEEP_COMPLETED	dcc	dcc		COMPLETED	15.155550000000002	10.937999999999999	83.13521667580912
5dc0_flex_p5	5dc0	DEFER_UNSTARTED	dcc	dcc	12812439_44	PENDING_OR_NOT_BUILT	36.34148333333333	12.162333333333333	179.28212788116315
5dc0_flex_p6	5dc0	DEFER_UNSTARTED	dcc	dcc	12812439_33	PENDING_OR_NOT_BUILT	58.05524444444445	12.877333333333333	270.49968937668257
5dc0_flex_p7	5dc0	DEFER_UNSTARTED	dcc	dcc	12812439_18	PENDING_OR_NOT_BUILT	121.31490833333334	12.922500000000001	563.272934803637
5dc4_flex_p0	5dc4	KEEP_COMPLETED	dcc	dcc		COMPLETED	15.436202777777778	10.291333333333334	89.99535207618061
5dc4_flex_p1	5dc4	DEFER_UNSTARTED	local	local	12812439_53	LOCAL_PENDING_COPY_CANCELLED	28.061430555555553	12.192499999999999	138.0919280978744
5dc4_flex_p2	5dc4	DEFER_UNSTARTED	local	local	12812439_40	LOCAL_PENDING_COPY_CANCELLED	46.34473611111111	16.01366666666667	173.6444391249141
5dc4_flex_p3	5dc4	DEFER_UNSTARTED	local	local	12812439_16	LOCAL_PENDING_COPY_CANCELLED	137.8024027777778	21.362000000000002	387.049160503074
5dc4_flex_p4	5dc4	KEEP_RUNNING	local	local	12812439_3	RUNNING	258.77443611111113	18.823500000000003	824.8448039241728
5dc4_flex_p5	5dc4	DEFER_UNSTARTED	local	local	12826673_1	LOCAL_PENDING_COPY_CANCELLED			NA
5dc4_flex_p6	5dc4	KEEP_PRIMARY	local	fennario	12826673_3	PENDING			NA
5em2_flex_p2	5em2	DEFER_UNSTARTED	dcc	dcc		PENDING_OR_NOT_BUILT	2.0583472222222223	37.56916666666667	3.2872923274848613
5em2_flex_p3	5em2	DEFER_UNSTARTED	dcc	dcc		PENDING_OR_NOT_BUILT	2.5947666666666667	40.22833333333333	3.870058416538924
5em2_flex_p4	5em2	KEEP_REPORTED_RUNNING	dcc	dcc		REPORTED_RUNNING	9.76748611111111	64.17933333333333	9.131431197997276
5em2_flex_p5	5em2	KEEP_REPORTED_RUNNING	dcc	dcc		REPORTED_RUNNING	9.48183888888889	74.73833333333333	7.612028633231497
5em2_flex_p6	5em2	KEEP_COMPLETED	dcc	dcc		COMPLETED	21.29328611111111	99.09816666666667	12.892238167877306
5it3_flex_p10	5it3	KEEP_PRIMARY	local	fennario	12826673_4	PENDING		10.315666666666667	1954.30413287233
5it3_flex_p7	5it3	KEEP_COMPLETED	dcc	dcc		COMPLETED	16.783880555555555	6.788166666666667	148.3512239436274
5it3_flex_p8	5it3	DEFER_UNSTARTED	local	local	12812439_34	LOCAL_PENDING_COPY_CANCELLED	57.981002777777775	8.657333333333334	401.83969274603413
5it3_flex_p9	5it3	KEEP_RUNNING	local	local	12812439_0	RUNNING	324.4891611111111	10.384833333333335	1874.7869168177951
