job	parent	action
12812439_52	12812439_12	PENDING_DEPENDENCY_SET
12812439_41	12812439_52	COVERAGE_LANE_REBALANCE_20261006
12812439_26	12812439_41	COVERAGE_LANE_REBALANCE_20261006
12826674_0	12812439_8	PENDING_DEPENDENCY_SET
12826674_1	12812439_4	PENDING_DEPENDENCY_SET
12826674_3	12812439_5	PENDING_DEPENDENCY_SET
12826674_7	12812439_9	PENDING_DEPENDENCY_SET
12826674_9	12812439_11	PENDING_DEPENDENCY_SET
12826673_0	12812439_1	PENDING_DEPENDENCY_SET
12826673_3	12812439_3	PENDING_DEPENDENCY_SET
12826673_4	12812439_0	PENDING_DEPENDENCY_SET
12827029_0	12812439_2	CPU_ONLY_CONTINUATION
12827030_0	12812439_13	COVERAGE_LANE_REBALANCE_20261006
12827031_1	12812439_26	COVERAGE_LANE_REBALANCE_20261006
12827032_2	12827711_0	SECOND_TIER_COVERAGE_BEFORE_LONG_CONTINUATION
12827033_3	12826674_1	CPU_ONLY_CONTINUATION
12827034_4	12826674_7	CPU_ONLY_CONTINUATION
12827035_1	12826673_0	CPU_ONLY_CONTINUATION
12827323_0	12827032_2	APPEND_AFTER_EXISTING_LANE
12827324_1	12827031_1	APPEND_AFTER_EXISTING_LANE
12827325_2	12826674_9	APPEND_AFTER_EXISTING_LANE
12827326_3	12827030_0	APPEND_AFTER_EXISTING_LANE
12827711_0	12812439_7	COVERAGE_LANE_REBALANCE_20261006
