job	design	action	before	after
12812439_21	3gxu_flex_p10	RETIRE_PENDING	PENDING	ABSENT_FROM_ACTIVE_QUEUE
12812439_20	2rl0_flex_p1	RETIRE_PENDING	PENDING	ABSENT_FROM_ACTIVE_QUEUE
12812439_56	2hnu_flex_p4	RETIRE_PENDING	PENDING	ABSENT_FROM_ACTIVE_QUEUE
12812439_55	4wyq_flex_p1	RETIRE_PENDING	PENDING	ABSENT_FROM_ACTIVE_QUEUE
12812439_52	2hnu_flex_p5	KEEP_PENDING	PENDING	PENDING
12812439_51	5d68_flex_p1	RETIRE_PENDING	PENDING	ABSENT_FROM_ACTIVE_QUEUE
12812439_50	2xxm_flex_p2	RETIRE_PENDING	PENDING	ABSENT_FROM_ACTIVE_QUEUE
12812439_49	4pxf_flex_p4	RETIRE_PENDING	PENDING	ABSENT_FROM_ACTIVE_QUEUE
12812439_48	1gwc_flex_p2	RETIRE_PENDING	PENDING	ABSENT_FROM_ACTIVE_QUEUE
12812439_47	2hnv_flex_p5	RETIRE_PENDING	PENDING	ABSENT_FROM_ACTIVE_QUEUE
12812439_46	3eb6_flex_p5	RETIRE_PENDING	PENDING	ABSENT_FROM_ACTIVE_QUEUE
12812439_45	1b6c_flex_p1	RETIRE_PENDING	PENDING	ABSENT_FROM_ACTIVE_QUEUE
12812439_43	2xxm_flex_p3	HOLD_COVERAGE_FALLBACK	PENDING	PENDING
12812439_42	3u7y_flex_p4	RETIRE_PENDING	PENDING	ABSENT_FROM_ACTIVE_QUEUE
12812439_41	1b6c_flex_p2	KEEP_PENDING	PENDING	PENDING
12812439_38	5a6y_flex_p0	RETIRE_PENDING	PENDING	ABSENT_FROM_ACTIVE_QUEUE
12812439_35	4kt6_flex_p2	RETIRE_PENDING	PENDING	ABSENT_FROM_ACTIVE_QUEUE
12812439_32	3bu8_flex_p10	RETIRE_PENDING	PENDING	ABSENT_FROM_ACTIVE_QUEUE
12812439_31	4z80_flex_p0	RETIRE_PENDING	PENDING	ABSENT_FROM_ACTIVE_QUEUE
12812439_30	3bu8_flex_p11	RETIRE_PENDING	PENDING	ABSENT_FROM_ACTIVE_QUEUE
12812439_29	2q1e_flex_p4	RETIRE_PENDING	PENDING	ABSENT_FROM_ACTIVE_QUEUE
12812439_28	4wyq_flex_p2	RETIRE_PENDING	PENDING	ABSENT_FROM_ACTIVE_QUEUE
12812439_26	4znc_flex_p6	KEEP_PENDING	PENDING	PENDING
12812439_25	3u7y_flex_p5	RETIRE_PENDING	PENDING	ABSENT_FROM_ACTIVE_QUEUE
12812439_22	4hem_flex_p3	RETIRE_PENDING	PENDING	ABSENT_FROM_ACTIVE_QUEUE
12826674_0	5d68_flex_p3	KEEP_PENDING	PENDING	PENDING
12826674_1	2rl0_flex_p3	KEEP_PENDING	PENDING	PENDING
12826674_2	2rl0_flex_p4	RETIRE_PENDING	PENDING	ABSENT_FROM_ACTIVE_QUEUE
12826674_3	5a6y_flex_p2	KEEP_PENDING	PENDING	PENDING
12826674_4	4wyq_flex_p3	RETIRE_PENDING	PENDING	ABSENT_FROM_ACTIVE_QUEUE
12826674_5	1a0r_flex_m1	RETIRE_PENDING	PENDING	ABSENT_FROM_ACTIVE_QUEUE
12826674_6	1a0r_flex_p0	RETIRE_PENDING	PENDING	ABSENT_FROM_ACTIVE_QUEUE
12826674_7	3cal_flex_p4	KEEP_PENDING	PENDING	PENDING
12826674_8	3cal_flex_p5	RETIRE_PENDING	PENDING	ABSENT_FROM_ACTIVE_QUEUE
12826674_9	4pxf_flex_p6	KEEP_PENDING	PENDING	PENDING
12826674_10	1gwc_flex_p3	RETIRE_PENDING	PENDING	ABSENT_FROM_ACTIVE_QUEUE
12812439_24	4wwi_flex_p1	RETIRE_DUPLICATE_DCC_ACCEPTED	PENDING	ABSENT_FROM_ACTIVE_QUEUE
12812439_13	3eb6_flex_p6	PROTECT_STARTED	RUNNING	RUNNING
12812439_12	3u7y_flex_p6	PROTECT_STARTED	RUNNING	RUNNING
12812439_4	2rl0_flex_p2	PROTECT_STARTED	RUNNING	RUNNING
12812439_5	5a6y_flex_p1	PROTECT_STARTED	RUNNING	RUNNING
12812439_7	4z80_flex_p1	PROTECT_STARTED	RUNNING	RUNNING
12812439_8	5d68_flex_p2	PROTECT_STARTED	RUNNING	RUNNING
12812439_9	3cal_flex_p3	PROTECT_STARTED	RUNNING	RUNNING
12812439_11	4pxf_flex_p5	PROTECT_STARTED	RUNNING	RUNNING
12812439_16	5dc4_flex_p3	RETIRE_PENDING	PENDING	ABSENT_FROM_ACTIVE_QUEUE
12812439_54	2rf9_flex_p10	RETIRE_PENDING	PENDING	ABSENT_FROM_ACTIVE_QUEUE
12812439_53	5dc4_flex_p1	RETIRE_PENDING	PENDING	ABSENT_FROM_ACTIVE_QUEUE
12812439_40	5dc4_flex_p2	RETIRE_PENDING	PENDING	ABSENT_FROM_ACTIVE_QUEUE
12812439_39	2rf9_flex_p11	RETIRE_PENDING	PENDING	ABSENT_FROM_ACTIVE_QUEUE
12812439_36	4u3s_flex_m2	RETIRE_PENDING	PENDING	ABSENT_FROM_ACTIVE_QUEUE
12812439_34	5it3_flex_p8	RETIRE_PENDING	PENDING	ABSENT_FROM_ACTIVE_QUEUE
12812439_17	4u3s_flex_m1	RETIRE_PENDING	PENDING	ABSENT_FROM_ACTIVE_QUEUE
12826673_0	4u3s_flex_p1	KEEP_PENDING	PENDING	PENDING
12826673_1	5dc4_flex_p5	RETIRE_PENDING	PENDING	ABSENT_FROM_ACTIVE_QUEUE
12826673_2	4u3s_flex_p2	RETIRE_PENDING	PENDING	ABSENT_FROM_ACTIVE_QUEUE
12826673_3	5dc4_flex_p6	KEEP_PENDING	PENDING	PENDING
12826673_4	5it3_flex_p10	KEEP_PENDING	PENDING	PENDING
12812439_0	5it3_flex_p9	PROTECT_STARTED	RUNNING	RUNNING
12812439_1	4u3s_flex_p0	PROTECT_STARTED	RUNNING	RUNNING
12812439_2	4wem_flex_p10	PROTECT_STARTED	RUNNING	RUNNING
12812439_3	5dc4_flex_p4	PROTECT_STARTED	RUNNING	RUNNING
