task_id	design_id	system	flex_delta	mutable	flexible	added	removed	wt_flex_count	total_positions	expected_sequences	pdb_relative	pdb_sha256	anchor_design	added_since_anchor	historical_scan_branchwidth	destination	kind
0	3gxu_flex_p12	3gxu	12	A30	B249;B250;B251;B252;A29;A31;B248;B204;A40;B206;B205;B203;A39;A41;B239	B252;A29;A31;B248;B204;A40;B206;B205;B203;A39;A41;B239		15	16	20	structures/3gxu.min.reduce.renum.pdb	e3fdfb0e15b6d338d12b7c35e8504d74c54fc6bff6745b2987e740ba87998d64	3gxu_flex_p10	A41;B239	7	DCC	primary
1	2q1e_flex_p6	2q1e	6	D418	D427;D365;D363;D420;D416;D425;C309;C316;C314;C315;D364;D426;D362;D366;D428	C315;D364;D426;D362;D366;D428		15	16	20	structures/2q1e.min.reduce.renum.pdb	1fdfbc254f9aa8027dba2b90f2bece120774861e25c8b972548fcd6703596f5b	2q1e_flex_p4	D366;D428	9	DCC	primary
2	5dc0_flex_p10	5dc0	10	B116;B138	B181;B137;A51;A52;B136;A53;B117;B115;B139;B182;A50;B180;B176;B179	B136;A53;B117;B115;B139;B182;A50;B180;B176;B179		14	16	39	structures/5dc0.min.reduce.renum.pdb	9c5456f069c4bef6af20afcb920c8044e420e17fe493a785ffb1be09cd0233db	5dc0_flex_p7	B180;B176;B179	6	DCC	primary
3	4wem_flex_p12	4wem	12	B347	B357;B278;A42;A4;B356;A3;A43;A5;A41;B279;B277;A196;B276;B346;A195;B355	B356;A3;A43;A5;A41;B279;B277;A196;B276;B346;A195;B355		16	17	21	structures/4wem.min.reduce.renum.pdb	92f57e7f95c986bc8a452f99310c7b95971a58ccbddbc0a9b9b5d5c8522f9216	4wem_flex_p10	A195;B355	5	fennario	primary
4	3eb6_flex_p7	3eb6	7	A44;A45	B128;A55;A29;A19;A42;A41;A37;A30;A38;A28;A54;A40;B129;A56	A30;A38;A28;A54;A40;B129;A56		14	16	39	structures/3eb6.min.reduce.renum.pdb	cd633dddedd01529c022eed488818b918e3dc5c5e88d740014aa24dada36a76f	3eb6_flex_p6	A56	7	compsci	primary
5	3bua_flex_m4	3bua	-4	C447;C450	D638;D641;D642;D645;D623;D619;D616;D620;C417;C414;C410;C421		C446;C444;C443;C452	12	14	39	structures/3bua.min.reduce.renum.pdb	30541f309b5832f60b4735a62deb947c15b24f0e01f1e6de609d4b71abcba6b4	3bua_flex_m2		unmeasured	DCC	coverage
6	5d68_flex_p3	5d68	3	A313	C903;C937;C905;C910;C935;C914;A310;A309;A265;A261;A262;C934;C906;C936	C934;C906;C936		14	15	20	structures/5d68.min.reduce.renum.pdb	7f14a6d67cb5b879a5fe4e1a37f793ae2e82adc251545f36deaa59bd78abb1b2	5d68_flex_p2	C936	6	compsci	retained_extension
7	4u3s_flex_p1	4u3s	1	B280;B277	B309;B276;B273;B274;A32;A76;A145;A97;A94;A93;A95;A144	A144		12	14	39	structures/4u3s.min.reduce.renum.pdb	96a204e521a8e3b9f1ee81384d85e85d1250ca75e7c00027dc6cd4bf47b7e913	4u3s_flex_p0	A144	6	fennario	retained_extension
8	2rl0_flex_p3	2rl0	3	A85	G95;G97;A75;A65;A63;A49;A48;A51;A50;A87;A77;A76;G96;G94;G98	G96;G94;G98		15	16	20	structures/2rl0.min.reduce.renum.pdb	17c3fc75a1a7799e94a0516af23187018499c3923868a87d8c4825fdf22ebbfd	2rl0_flex_p2	G98	7	compsci	retained_extension
9	5dc4_flex_p6	5dc4	6	A95;A28	B176;B172;B173;B174;A25;A26;A97;A21;A46;A24;A29;A47;B171;A27;B175	A24;A29;A47;B171;A27;B175		15	17	39	structures/5dc4.min.reduce.renum.pdb	f1dc1758bd76057ce195cabfc51efcafce37d661b9fc5cc8c24a8375649c07d1	5dc4_flex_p4	A27;B175	7	fennario	retained_extension
10	2rl0_flex_p4	2rl0	4	A85	G95;G97;A75;A65;A63;A49;A48;A51;A50;A87;A77;A76;G96;G94;G98;A84	G96;G94;G98;A84		16	17	20	structures/2rl0.min.reduce.renum.pdb	17c3fc75a1a7799e94a0516af23187018499c3923868a87d8c4825fdf22ebbfd	2rl0_flex_p2	G98;A84	8	compsci	retained_extension
11	4u3s_flex_p2	4u3s	2	B280;B277	B309;B276;B273;B274;A32;A76;A145;A97;A94;A93;A95;A144;A146	A144;A146		13	15	39	structures/4u3s.min.reduce.renum.pdb	96a204e521a8e3b9f1ee81384d85e85d1250ca75e7c00027dc6cd4bf47b7e913	4u3s_flex_p0	A144;A146	7	fennario	retained_extension
