system	coverage_state	completed	running	pending_or_new	fallback_until_completed	primary
1a0r	COMPLETED	1a0r_flex_m2			1a0r_flex_m2	NA
1b6c	NEEDS_COVERAGE_CASE			1b6c_flex_p2;1b6c_flex_p4	1b6c_flex_p0	1b6c_flex_p4
1gwc	COMPLETED	1gwc_flex_p1		1gwc_flex_p4	1gwc_flex_p0	1gwc_flex_p4
2hnu	NEEDS_COVERAGE_CASE			2hnu_flex_p5;2hnu_flex_p11	2hnu_flex_p2	2hnu_flex_p11
2hnv	COMPLETED	2hnv_flex_p3;2hnv_flex_p4			2hnv_flex_p1	NA
2p4a	NEEDS_COVERAGE_CASE			2p4a_flex_p9;2p4a_flex_p12	2p4a_flex_p4	2p4a_flex_p12
2q1e	COMPLETED	2q1e_flex_p3			2q1e_flex_p2	2q1e_flex_p6
2q2a	COMPLETED	2q2a_flex_p2;2q2a_flex_p1			2q2a_flex_p0	NA
2rf9	COMPLETED	2rf9_flex_p9;2rf9_flex_p8;2rf9_flex_p7			2rf9_flex_p7	NA
2rfd	COMPLETED	2rfd_flex_p4;2rfd_flex_p3;2rfd_flex_p2;2rfd_flex_p1			2rfd_flex_p0	NA
2rfe	COMPLETED	2rfe_flex_p1;2rfe_flex_p0			2rfe_flex_p0	NA
2rl0	COMPLETED	2rl0_flex_p0	2rl0_flex_m1;2rl0_flex_p2		2rl0_flex_m1	2rl0_flex_p3
2xgy	NEEDS_COVERAGE_CASE			2xgy_flex_m1	2xgy_flex_m2	2xgy_flex_p0
2xxm	COMPLETED	2xxm_flex_p1		2xxm_flex_p7	2xxm_flex_p0	2xxm_flex_p7
3bu8	COMPLETED	3bu8_flex_p9		3bu8_flex_p12	3bu8_flex_p7	3bu8_flex_p12
3bua	NEEDS_COVERAGE_CASE			3bua_flex_m4	3bua_flex_m4: preflight and early pilot; lower further if needed	NA
3cal	RUNNING		3cal_flex_p3		3cal_flex_p3	3cal_flex_p4
3eb6	COMPLETED	3eb6_flex_p4	3eb6_flex_p6		3eb6_flex_p3	3eb6_flex_p7
3gxu	COMPLETED	3gxu_flex_p9			3gxu_flex_p0	3gxu_flex_p12
3k3q	COMPLETED	3k3q_flex_p0		3k3q_flex_p3	3k3q_flex_p0	3k3q_flex_p3
3ma2	NEEDS_COVERAGE_CASE			3ma2_flex_p0	3ma2_flex_p0	NA
3u7y	COMPLETED	3u7y_flex_p3	3u7y_flex_p6		3u7y_flex_p0	NA
4hem	COMPLETED	4hem_flex_p2;4hem_flex_p1			4hem_flex_p1	NA
4kt6	COMPLETED	4kt6_flex_p1		4kt6_flex_p4	4kt6_flex_p0	4kt6_flex_p4
4pxf	RUNNING		4pxf_flex_p5		4pxf_flex_p4	4pxf_flex_p6
4u3s	RUNNING		4u3s_flex_p0		4u3s_flex_m2	4u3s_flex_p1
4wem	COMPLETED	4wem_flex_p9	4wem_flex_p10		4wem_flex_p6	4wem_flex_p12
4wwi	NEEDS_COVERAGE_CASE			4wwi_flex_p1	4wwi_flex_p1	NA
4wyq	COMPLETED	4wyq_flex_p0			4wyq_flex_p0	NA
4wyu	NEEDS_COVERAGE_CASE			4wyu_flex_p0	4wyu_flex_p0	NA
4z80	RUNNING		4z80_flex_p1		4z80_flex_m2	NA
4znc	NEEDS_COVERAGE_CASE			4znc_flex_p6;4znc_flex_p14	4znc_flex_p0	4znc_flex_p14
5a6y	RUNNING		5a6y_flex_p1		5a6y_flex_p0	5a6y_flex_p2
5d68	RUNNING		5d68_flex_p2		5d68_flex_p0	5d68_flex_p3
5dc0	COMPLETED	5dc0_flex_p4			5dc0_flex_p0	5dc0_flex_p10
5dc4	COMPLETED	5dc4_flex_p0	5dc4_flex_p4		5dc4_flex_p0	5dc4_flex_p6
5em2	COMPLETED	5em2_flex_p6	5em2_flex_p4;5em2_flex_p5		5em2_flex_p2	NA
5it3	COMPLETED	5it3_flex_p7	5it3_flex_p9		5it3_flex_p7	5it3_flex_p10
