task_id	design_id	system	flex_delta	mutable	flexible	added	removed	wt_flex_count	total_positions	expected_sequences	pdb_relative	pdb_sha256	anchor_design	added_since_anchor	historical_scan_branchwidth	destination	kind	pack_platform	pack_reference_job	pack_reference_platform
0	1b6c_flex_p4	1b6c	4	E965	F994;F995;E903;E892;E957;E925;E963;E947;E922;E942;E940;E967;E948;E893;E964;E956;E966	E893;E964;E956;E966		17	18	20	structures/1b6c.min.reduce.renum.pdb	f5f2300da8c053977b62db8ffe9c4e29119b29d9c6e1ff78e1486678736aee64	1b6c_flex_p2	E956;E966	8	compsci	near14_addition	gpu	12814879	gpu
1	1gwc_flex_p4	1gwc	4	C514	B314;B309;B313;B311;B317;C510;C505;C446;C503;C511;C498;C500;C497;C445;C447;C499	C497;C445;C447;C499		16	17	20	structures/1gwc.min.reduce.renum.pdb	8e52f063e5911c83d039199e14da3edcd55355d6f93f00700cb96e6577b3f304	1gwc_flex_p3	C499	8	DCC	near14_addition	gpu	12814879	gpu
2	2hnu_flex_p11	2hnu	11	D309;D318	D311;D271;D316;D306;D305;C192;C182;C233;C181;D319;C193;C191;C180;C234;D307;C232;D308;D267;C179;C197	D319;C193;C191;C180;C234;D307;C232;D308;D267;C179;C197		20	22	39	structures/2hnu.min.reduce.renum.pdb	848f254f069c1a865a4c4a9b70cb361970bdaf2d5b2f2877ed750cef32a29d16	2hnu_flex_p5	D307;C232;D308;D267;C179;C197	7	compsci	near14_addition	gpu	12814879	gpu
3	2p4a_flex_p12	2p4a	12	D476;D475	B226;B225;B228;A111;A69;A71;B224;A112;B229;A68;B227;A70;D474;D477;B231;C356;D469;C357	B224;A112;B229;A68;B227;A70;D474;D477;B231;C356;D469;C357		18	20	39	structures/2p4a.min.reduce.renum.pdb	b4a481b2b2b0c3b5c47f49a1e223828c4139dfb7e3ae25398a7852cb24ae9f92	2p4a_flex_p9	C356;D469;C357	5	DCC	conservative_addition	gpu	12775476	cpu
4	2xxm_flex_p7	2xxm	7	B107	B115;B117;B109;B173;B105;B167;B165;A30;A4;A6;A5;B106;B168;B104;B164;A31;B174;B110	B106;B168;B104;B164;A31;B174;B110		18	19	20	structures/2xxm.min.reduce.renum.pdb	f1a1c3f31a8f7648a41f66fec1da8b0de570f48b1a63f36eb36735381bb8aaa1	2xxm_flex_p3	B164;A31;B174;B110	8	DCC	near14_addition	gpu	12814879	gpu
5	3bu8_flex_p12	3bu8	12	B243	D431;A34;A35;D430;B242;A36;D432;B244;A33;B246;A37;A32;B240;A31;A38	D430;B242;A36;D432;B244;A33;B246;A37;A32;B240;A31;A38		15	16	20	structures/3bu8.min.reduce.renum.pdb	cc4dc324318180bca6671a1fe5ba968c3e461132e5981705e89816d183c11e2f	3bu8_flex_p11	A38	6	DCC	near14_addition	gpu	12775476	cpu
6	3k3q_flex_p3	3k3q	3	C444;C440	B254;B316;B253;B263;B358;B284;C416;C456;C454;C446;C436;C420;C413;C437;C439;C453;C455;C447	C453;C455;C447		18	20	39	structures/3k3q.min.reduce.renum.pdb	c304d4f14e5f9ea391f67d824dac985117354bcf840418913063edf0c0473bf4	3k3q_flex_p0	C453;C455;C447	8	compsci	near14_addition	gpu	12814879	gpu
7	4kt6_flex_p4	4kt6	4	D712	D822;D815;D759;C512;C511;C509;C519;C515;C518;D816;C516;D713;C510	D816;C516;D713;C510		13	14	20	structures/4kt6.min.reduce.renum.pdb	f13f9c8fcd6fd0a9ca26426d87b44cc763c33b819c36aa260d8521ca9e93e0e9	4kt6_flex_p2	D713;C510	6	DCC	near14_addition	gpu	12814879	gpu
8	4znc_flex_p14	4znc	14	E534	F716;F733;F731;F718;E499;E528;E497;E533;E500;F732;E535;E496;F717;F730;E498;F734;F715;F719;E527;E529;E536	E533;E500;F732;E535;E496;F717;F730;E498;F734;F715;F719;E527;E529;E536		21	22	20	structures/4znc.min.reduce.renum.pdb	19d4423b65055cbb79be8cde77db8b6bf0da4e5d2ced3c0c1c809dfb710525db	4znc_flex_p6	F730;E498;F734;F715;F719;E527;E529;E536	8	compsci	near14_addition	gpu	12814879	gpu
