system	completed	running	local_pending	dcc_previous_submission_unverified	dcc_new_plan_without_receipt	held	completed_tier_count	more_completed_tiers_needed_by_oct16
1a0r	m2	—	p0	—	—	—	1	1
1b6c	—	—	p2、p4	—	—	—	0	2
1gwc	p1	—	—	—	p4	—	1	1
2hnu	—	p5	p11	—	—	—	0	2
2hnv	p3、p4	—	—	—	—	—	2	0
2p4a	p9	—	—	—	p12	—	1	1
2q1e	p3	—	—	—	p6	—	1	1
2q2a	p0、p1、p2	—	—	—	—	—	3	0
2rf9	p7、p8、p9	—	—	—	—	—	3	0
2rfd	p1、p2、p3、p4	—	—	—	—	—	4	0
2rfe	p0、p1	—	—	—	—	—	2	0
2rl0	m1、p0	p2	p3、p4	—	—	—	2	0
2xgy	m1	—	—	p0	—	—	1	1
2xxm	p1	—	—	—	p7	p3	1	1
3bu8	p9	—	—	—	p12	—	1	1
3bua	—	—	—	m2	m4	—	0	2
3cal	—	p3	p4、p5	—	—	—	0	2
3eb6	p4	p6	p7	—	—	—	1	1
3gxu	p9	—	—	—	p12	—	1	1
3k3q	p0	—	p3	—	—	—	1	1
3ma2	—	—	—	p0、p1	—	—	0	2
3u7y	p3、p6	—	—	—	—	—	2	0
4hem	p1、p2	—	—	—	—	—	2	0
4kt6	p0、p1	—	—	—	p4	—	2	0
4pxf	—	p5	p6	—	—	—	0	2
4u3s	—	p0	p1、p2	—	—	—	0	2
4wem	p8、p9	p10	p12	—	—	—	2	0
4wwi	—	—	—	p1、p2	—	—	0	2
4wyq	p0	—	p3	—	—	—	1	1
4wyu	—	—	—	p0、p1	—	—	0	2
4z80	—	p1	p0	—	—	—	0	2
4znc	—	—	p6、p14	—	—	—	0	2
5a6y	—	p1	p2	—	—	—	0	2
5d68	—	p2	p3	—	—	—	0	2
5dc0	p4	—	—	—	p10	—	1	1
5dc4	p0	p4	p6	—	—	—	1	1
5em2	p4、p5、p6	—	—	—	—	—	3	0
5it3	p7	p9	p10	—	—	—	1	1
