task_id	design_id	system	flex_delta	mutable	flexible	added	removed	wt_flex_count	total_positions	expected_sequences	pdb_relative	pdb_sha256	markstar_job	markstar_cpus	markstar_memory_gib	markstar_heap_gib	source_package	source_task_id	h200_source_manifest	h200_source_index
0	2xgy_flex_m2	2xgy	-2	B189;B184	B248;B242;B277;B192;B190;B186;B183;A83;A76		B251;B250	9	11	39	structures/2xgy.min.reduce.renum.pdb	15b6cc16fc3a32d759168c7d8a1c7f583684980f641d87ecc08687070e5de2db	12631847_0	16	192	160	retained	0	frontier.tsv	0
1	2xgy_flex_m1	2xgy	-1	B189;B184	B248;B242;B277;B192;B190;B186;B183;B250;A83;A76		B251	10	12	39	structures/2xgy.min.reduce.renum.pdb	15b6cc16fc3a32d759168c7d8a1c7f583684980f641d87ecc08687070e5de2db	12631847_1	16	192	160	retained	1	frontier.tsv	1
2	2xgy_flex_p0	2xgy	0	B189;B184	B248;B242;B277;B192;B190;B186;B183;B250;B251;A83;A76			11	13	39	structures/2xgy.min.reduce.renum.pdb	15b6cc16fc3a32d759168c7d8a1c7f583684980f641d87ecc08687070e5de2db	12631847_2	16	192	160	retained	2	frontier.tsv	2
3	4u3s_flex_m2	4u3s	-2	B280;B277	B309;B276;A32;A76;A145;A97;A94;A93;A95		B274;B273	9	11	39	structures/4u3s.min.reduce.renum.pdb	96a204e521a8e3b9f1ee81384d85e85d1250ca75e7c00027dc6cd4bf47b7e913	12631847_3	16	192	160	retained	3	frontier.tsv	3
4	4u3s_flex_m1	4u3s	-1	B280;B277	B309;B276;B273;A32;A76;A145;A97;A94;A93;A95		B274	10	12	39	structures/4u3s.min.reduce.renum.pdb	96a204e521a8e3b9f1ee81384d85e85d1250ca75e7c00027dc6cd4bf47b7e913	12631847_4	16	192	160	retained	4	frontier.tsv	4
5	4u3s_flex_p0	4u3s	0	B280;B277	B309;B276;B273;B274;A32;A76;A145;A97;A94;A93;A95			11	13	39	structures/4u3s.min.reduce.renum.pdb	96a204e521a8e3b9f1ee81384d85e85d1250ca75e7c00027dc6cd4bf47b7e913	12631847_5	16	192	160	retained	5	frontier.tsv	5
6	3ma2_flex_p0	3ma2	0	A316;A254	B341;B343;A276;A290;A291;A271;A277;A287;A318;A274;A255;A315;A286			13	15	39	structures/3ma2.min.reduce.renum.pdb	35574de4dd7f77096cb7dce027f6edd29efb1441a4b4155163e66e0f11756bad	12631847_6	16	192	160	retained	6	frontier.tsv	6
7	3ma2_flex_p1	3ma2	1	A316;A254	B341;B343;A276;A290;A291;A271;A277;A287;A318;A274;A255;A315;A286;A317	A317		14	16	39	structures/3ma2.min.reduce.renum.pdb	35574de4dd7f77096cb7dce027f6edd29efb1441a4b4155163e66e0f11756bad	12631847_7	16	192	160	retained	7	frontier.tsv	7
8	4wyu_flex_p0	4wyu	0	A94;A70	B212;B213;A12;A90;A96;A93;A92;A72;A69;A88			10	12	39	structures/4wyu.min.reduce.renum.pdb	db330b3e3968865b8225c3f7735df44d39828c3bd032bc2f2ce3d3def7c77d53	12631847_8	16	192	160	retained	8	frontier.tsv	8
9	4wyu_flex_p1	4wyu	1	A94;A70	B212;B213;A12;A90;A96;A93;A92;A72;A69;A88;A95	A95		11	13	39	structures/4wyu.min.reduce.renum.pdb	db330b3e3968865b8225c3f7735df44d39828c3bd032bc2f2ce3d3def7c77d53	12631847_9	16	192	160	retained	9	frontier.tsv	9
10	5a6y_flex_p0	5a6y	0	D455;D452	D356;D359;D431;D355;D429;D450;D453;D396;C274;D363;C247;C275;C334;C331			14	16	39	structures/5a6y.min.reduce.renum.pdb	53066d5b532226fcdeddb6a19e6b183dedcedcdc51578da23a8d53dd19e0090a	12631847_10	16	192	160	retained	10	frontier.tsv	10
11	5a6y_flex_p1	5a6y	1	D455;D452	D356;D359;D431;D355;D429;D450;D453;D396;C274;D363;C247;C275;C334;C331;D454	D454		15	17	39	structures/5a6y.min.reduce.renum.pdb	53066d5b532226fcdeddb6a19e6b183dedcedcdc51578da23a8d53dd19e0090a	12631847_11	16	192	160	retained	11	frontier.tsv	11
12	5a6y_flex_p2	5a6y	2	D455;D452	D356;D359;D431;D355;D429;D450;D453;D396;C274;D363;C247;C275;C334;C331;D454;D451	D454;D451		16	18	39	structures/5a6y.min.reduce.renum.pdb	53066d5b532226fcdeddb6a19e6b183dedcedcdc51578da23a8d53dd19e0090a	12631847_12	16	192	160	retained	12	frontier.tsv	12
13	3k3q_flex_p0	3k3q	0	C444;C440	B254;B316;B253;B263;B358;B284;C416;C456;C454;C446;C436;C420;C413;C437;C439			15	17	39	structures/3k3q.min.reduce.renum.pdb	c304d4f14e5f9ea391f67d824dac985117354bcf840418913063edf0c0473bf4	12631847_13	16	192	160	retained	13	frontier.tsv	13
14	4wyq_flex_p0	4wyq	0	E394	D288;D289;D285;E367;E371;E373;E365;E391;E390			9	10	20	structures/4wyq.min.reduce.renum.pdb	adc46edd5b0e67e235edd709ef040a657aa4b1141cf7f4573ca6c79caadbfbc0	12631847_28	16	192	160	retained	28	frontier.tsv	16
15	4wyq_flex_p1	4wyq	1	E394	D288;D289;D285;E367;E371;E373;E365;E391;E390;E372	E372		10	11	20	structures/4wyq.min.reduce.renum.pdb	adc46edd5b0e67e235edd709ef040a657aa4b1141cf7f4573ca6c79caadbfbc0	12631847_29	16	192	160	retained	29	frontier.tsv	17
16	4wyq_flex_p2	4wyq	2	E394	D288;D289;D285;E367;E371;E373;E365;E391;E390;E372;E370	E372;E370		11	12	20	structures/4wyq.min.reduce.renum.pdb	adc46edd5b0e67e235edd709ef040a657aa4b1141cf7f4573ca6c79caadbfbc0	12631847_30	16	192	160	retained	30	frontier.tsv	18
17	4wyq_flex_p3	4wyq	3	E394	D288;D289;D285;E367;E371;E373;E365;E391;E390;E372;E370;D284	E372;E370;D284		12	13	20	structures/4wyq.min.reduce.renum.pdb	adc46edd5b0e67e235edd709ef040a657aa4b1141cf7f4573ca6c79caadbfbc0	12631847_31	16	192	160	retained	31	frontier.tsv	19
18	1a0r_flex_m2	1a0r	-2	G390	G387;G392;B280;B281;B283;B279;B284		G393;G386	7	8	20	structures/1a0r.min.reduce.renum.pdb	1dafb36daca93ee3e6db23e7bb648d96f7f67e14fb5bce94f2efa036a3e85b2d	12632191_0	16	192	160	added	0	frontier.tsv	20
19	1a0r_flex_m1	1a0r	-1	G390	G387;G392;G386;B280;B281;B283;B279;B284		G393	8	9	20	structures/1a0r.min.reduce.renum.pdb	1dafb36daca93ee3e6db23e7bb648d96f7f67e14fb5bce94f2efa036a3e85b2d	12632191_1	16	192	160	added	1	frontier.tsv	21
20	1a0r_flex_p0	1a0r	0	G390	G387;G392;G386;G393;B280;B281;B283;B279;B284			9	10	20	structures/1a0r.min.reduce.renum.pdb	1dafb36daca93ee3e6db23e7bb648d96f7f67e14fb5bce94f2efa036a3e85b2d	12632191_2	16	192	160	added	2	frontier.tsv	22
21	4wwi_flex_p0	4wwi	0	B60	E382;E384;E540;E378;E538;B62;B64;B65;B58			9	10	20	structures/4wwi.min.reduce.renum.pdb	e3fe494b90ae378dd254eb049d59e71262172051f3e125553950c305ced7bd74	12632191_3	16	192	160	added	3	frontier.tsv	23
22	4wwi_flex_p1	4wwi	1	B60	E382;E384;E540;E378;E538;B62;B64;B65;B58;E541	E541		10	11	20	structures/4wwi.min.reduce.renum.pdb	e3fe494b90ae378dd254eb049d59e71262172051f3e125553950c305ced7bd74	12632191_4	16	192	160	added	4	frontier.tsv	24
23	4wwi_flex_p2	4wwi	2	B60	E382;E384;E540;E378;E538;B62;B64;B65;B58;E541;B59	E541;B59		11	12	20	structures/4wwi.min.reduce.renum.pdb	e3fe494b90ae378dd254eb049d59e71262172051f3e125553950c305ced7bd74	12632191_5	16	192	160	added	5	frontier.tsv	25
24	4wwi_flex_p3	4wwi	3	B60	E382;E384;E540;E378;E538;B62;B64;B65;B58;E541;B59;B66	E541;B59;B66		12	13	20	structures/4wwi.min.reduce.renum.pdb	e3fe494b90ae378dd254eb049d59e71262172051f3e125553950c305ced7bd74	12632191_6	16	192	160	added	6	frontier.tsv	26
25	5dc4_flex_p0	5dc4	0	A95;A28	B176;B172;B173;B174;A25;A26;A97;A21;A46			9	11	39	structures/5dc4.min.reduce.renum.pdb	f1dc1758bd76057ce195cabfc51efcafce37d661b9fc5cc8c24a8375649c07d1	12632191_7	16	192	160	added	7	frontier.tsv	27
26	5dc4_flex_p1	5dc4	1	A95;A28	B176;B172;B173;B174;A25;A26;A97;A21;A46;A24	A24		10	12	39	structures/5dc4.min.reduce.renum.pdb	f1dc1758bd76057ce195cabfc51efcafce37d661b9fc5cc8c24a8375649c07d1	12632191_8	16	192	160	added	8	frontier.tsv	28
27	5dc4_flex_p2	5dc4	2	A95;A28	B176;B172;B173;B174;A25;A26;A97;A21;A46;A24;A29	A24;A29		11	13	39	structures/5dc4.min.reduce.renum.pdb	f1dc1758bd76057ce195cabfc51efcafce37d661b9fc5cc8c24a8375649c07d1	12632191_9	16	192	160	added	9	frontier.tsv	29
28	5dc4_flex_p3	5dc4	3	A95;A28	B176;B172;B173;B174;A25;A26;A97;A21;A46;A24;A29;A47	A24;A29;A47		12	14	39	structures/5dc4.min.reduce.renum.pdb	f1dc1758bd76057ce195cabfc51efcafce37d661b9fc5cc8c24a8375649c07d1	12632191_10	16	192	160	added	10	frontier.tsv	30
29	5dc4_flex_p4	5dc4	4	A95;A28	B176;B172;B173;B174;A25;A26;A97;A21;A46;A24;A29;A47;B171	A24;A29;A47;B171		13	15	39	structures/5dc4.min.reduce.renum.pdb	f1dc1758bd76057ce195cabfc51efcafce37d661b9fc5cc8c24a8375649c07d1	12632191_11	16	192	160	added	11	frontier.tsv	31
30	4znc_flex_p0	4znc	0	E534	F716;F733;F731;F718;E499;E528;E497			7	8	20	structures/4znc.min.reduce.renum.pdb	19d4423b65055cbb79be8cde77db8b6bf0da4e5d2ced3c0c1c809dfb710525db	12632191_12	16	192	160	added	12	frontier.tsv	32
31	4znc_flex_p1	4znc	1	E534	F716;F733;F731;F718;E499;E528;E497;E533	E533		8	9	20	structures/4znc.min.reduce.renum.pdb	19d4423b65055cbb79be8cde77db8b6bf0da4e5d2ced3c0c1c809dfb710525db	12632191_13	16	192	160	added	13	frontier.tsv	33
32	4znc_flex_p2	4znc	2	E534	F716;F733;F731;F718;E499;E528;E497;E533;E500	E533;E500		9	10	20	structures/4znc.min.reduce.renum.pdb	19d4423b65055cbb79be8cde77db8b6bf0da4e5d2ced3c0c1c809dfb710525db	12632191_14	16	192	160	added	14	frontier.tsv	34
33	4znc_flex_p3	4znc	3	E534	F716;F733;F731;F718;E499;E528;E497;E533;E500;F732	E533;E500;F732		10	11	20	structures/4znc.min.reduce.renum.pdb	19d4423b65055cbb79be8cde77db8b6bf0da4e5d2ced3c0c1c809dfb710525db	12632191_15	16	192	160	added	15	frontier.tsv	35
34	4znc_flex_p4	4znc	4	E534	F716;F733;F731;F718;E499;E528;E497;E533;E500;F732;E535	E533;E500;F732;E535		11	12	20	structures/4znc.min.reduce.renum.pdb	19d4423b65055cbb79be8cde77db8b6bf0da4e5d2ced3c0c1c809dfb710525db	12632191_16	16	192	160	added	16	frontier.tsv	36
35	4znc_flex_p5	4znc	5	E534	F716;F733;F731;F718;E499;E528;E497;E533;E500;F732;E535;E496	E533;E500;F732;E535;E496		12	13	20	structures/4znc.min.reduce.renum.pdb	19d4423b65055cbb79be8cde77db8b6bf0da4e5d2ced3c0c1c809dfb710525db	12632191_17	16	192	160	added	17	frontier.tsv	37
36	5dc0_flex_p0	5dc0	0	B116;B138	B181;B137;A51;A52			4	6	39	structures/5dc0.min.reduce.renum.pdb	9c5456f069c4bef6af20afcb920c8044e420e17fe493a785ffb1be09cd0233db	12632191_18	16	192	160	added	18	frontier.tsv	38
37	5dc0_flex_p1	5dc0	1	B116;B138	B181;B137;A51;A52;B136	B136		5	7	39	structures/5dc0.min.reduce.renum.pdb	9c5456f069c4bef6af20afcb920c8044e420e17fe493a785ffb1be09cd0233db	12632191_19	16	192	160	added	19	frontier.tsv	39
38	5dc0_flex_p2	5dc0	2	B116;B138	B181;B137;A51;A52;B136;A53	B136;A53		6	8	39	structures/5dc0.min.reduce.renum.pdb	9c5456f069c4bef6af20afcb920c8044e420e17fe493a785ffb1be09cd0233db	12632191_20	16	192	160	added	20	frontier.tsv	40
39	5dc0_flex_p3	5dc0	3	B116;B138	B181;B137;A51;A52;B136;A53;B117	B136;A53;B117		7	9	39	structures/5dc0.min.reduce.renum.pdb	9c5456f069c4bef6af20afcb920c8044e420e17fe493a785ffb1be09cd0233db	12632191_21	16	192	160	added	21	frontier.tsv	41
40	5dc0_flex_p4	5dc0	4	B116;B138	B181;B137;A51;A52;B136;A53;B117;B115	B136;A53;B117;B115		8	10	39	structures/5dc0.min.reduce.renum.pdb	9c5456f069c4bef6af20afcb920c8044e420e17fe493a785ffb1be09cd0233db	12632191_22	16	192	160	added	22	frontier.tsv	42
41	5dc0_flex_p5	5dc0	5	B116;B138	B181;B137;A51;A52;B136;A53;B117;B115;B139	B136;A53;B117;B115;B139		9	11	39	structures/5dc0.min.reduce.renum.pdb	9c5456f069c4bef6af20afcb920c8044e420e17fe493a785ffb1be09cd0233db	12632191_23	16	192	160	added	23	frontier.tsv	43
42	5dc0_flex_p6	5dc0	6	B116;B138	B181;B137;A51;A52;B136;A53;B117;B115;B139;B182	B136;A53;B117;B115;B139;B182		10	12	39	structures/5dc0.min.reduce.renum.pdb	9c5456f069c4bef6af20afcb920c8044e420e17fe493a785ffb1be09cd0233db	12632283_24	16	128	96	added	24	frontier.tsv	44
43	5dc0_flex_p7	5dc0	7	B116;B138	B181;B137;A51;A52;B136;A53;B117;B115;B139;B182;A50	B136;A53;B117;B115;B139;B182;A50		11	13	39	structures/5dc0.min.reduce.renum.pdb	9c5456f069c4bef6af20afcb920c8044e420e17fe493a785ffb1be09cd0233db	12632283_25	16	128	96	added	25	frontier.tsv	45
44	2rfd_flex_p0	2rfd	0	B547;B544	B543;B541;B540;B531;B530;A238			6	8	39	structures/2rfd.min.reduce.renum.pdb	49712eacd79226367fe50bf5f562e1f5eae5b46e1efb1089ba1de37c7622152a	12633776_0	16	128	96	/usr/xtmp/lz280/packstar_flex_frontier16_20260918/prep_12633774/package	0	frontier_add4.tsv	0
45	2rfd_flex_p1	2rfd	1	B547;B544	B543;B541;B540;B531;B530;A238;B545	B545		7	9	39	structures/2rfd.min.reduce.renum.pdb	49712eacd79226367fe50bf5f562e1f5eae5b46e1efb1089ba1de37c7622152a	12633776_1	16	128	96	/usr/xtmp/lz280/packstar_flex_frontier16_20260918/prep_12633774/package	1	frontier_add4.tsv	1
46	2rfd_flex_p2	2rfd	2	B547;B544	B543;B541;B540;B531;B530;A238;B545;B553	B545;B553		8	10	39	structures/2rfd.min.reduce.renum.pdb	49712eacd79226367fe50bf5f562e1f5eae5b46e1efb1089ba1de37c7622152a	12633776_2	16	128	96	/usr/xtmp/lz280/packstar_flex_frontier16_20260918/prep_12633774/package	2	frontier_add4.tsv	2
47	2rfd_flex_p3	2rfd	3	B547;B544	B543;B541;B540;B531;B530;A238;B545;B553;A239	B545;B553;A239		9	11	39	structures/2rfd.min.reduce.renum.pdb	49712eacd79226367fe50bf5f562e1f5eae5b46e1efb1089ba1de37c7622152a	12633776_3	16	128	96	/usr/xtmp/lz280/packstar_flex_frontier16_20260918/prep_12633774/package	3	frontier_add4.tsv	3
48	2rfd_flex_p4	2rfd	4	B547;B544	B543;B541;B540;B531;B530;A238;B545;B553;A239;A237	B545;B553;A239;A237		10	12	39	structures/2rfd.min.reduce.renum.pdb	49712eacd79226367fe50bf5f562e1f5eae5b46e1efb1089ba1de37c7622152a	12633776_4	16	128	96	/usr/xtmp/lz280/packstar_flex_frontier16_20260918/prep_12633774/package	4	frontier_add4.tsv	4
49	3u7y_flex_p0	3u7y	0	G384;G382	G385;L587;L649			3	5	39	structures/3u7y.min.reduce.renum.pdb	05c017babffa70e299ede4dd2e7a2982d50ab3054755309c29099ff13f2678b5	12633776_5	16	128	96	/usr/xtmp/lz280/packstar_flex_frontier16_20260918/prep_12633774/package	5	frontier_add4.tsv	5
50	3u7y_flex_p1	3u7y	1	G384;G382	G385;L587;L649;L648	L648		4	6	39	structures/3u7y.min.reduce.renum.pdb	05c017babffa70e299ede4dd2e7a2982d50ab3054755309c29099ff13f2678b5	12633776_6	16	128	96	/usr/xtmp/lz280/packstar_flex_frontier16_20260918/prep_12633774/package	6	frontier_add4.tsv	6
51	3u7y_flex_p2	3u7y	2	G384;G382	G385;L587;L649;L648;G386	L648;G386		5	7	39	structures/3u7y.min.reduce.renum.pdb	05c017babffa70e299ede4dd2e7a2982d50ab3054755309c29099ff13f2678b5	12633776_7	16	128	96	/usr/xtmp/lz280/packstar_flex_frontier16_20260918/prep_12633774/package	7	frontier_add4.tsv	7
52	3u7y_flex_p3	3u7y	3	G384;G382	G385;L587;L649;L648;G386;L586	L648;G386;L586		6	8	39	structures/3u7y.min.reduce.renum.pdb	05c017babffa70e299ede4dd2e7a2982d50ab3054755309c29099ff13f2678b5	12633776_8	16	128	96	/usr/xtmp/lz280/packstar_flex_frontier16_20260918/prep_12633774/package	8	frontier_add4.tsv	8
53	3u7y_flex_p4	3u7y	4	G384;G382	G385;L587;L649;L648;G386;L586;L650	L648;G386;L586;L650		7	9	39	structures/3u7y.min.reduce.renum.pdb	05c017babffa70e299ede4dd2e7a2982d50ab3054755309c29099ff13f2678b5	12633776_9	16	128	96	/usr/xtmp/lz280/packstar_flex_frontier16_20260918/prep_12633774/package	9	frontier_add4.tsv	9
54	3u7y_flex_p5	3u7y	5	G384;G382	G385;L587;L649;L648;G386;L586;L650;G383	L648;G386;L586;L650;G383		8	10	39	structures/3u7y.min.reduce.renum.pdb	05c017babffa70e299ede4dd2e7a2982d50ab3054755309c29099ff13f2678b5	12633776_10	16	128	96	/usr/xtmp/lz280/packstar_flex_frontier16_20260918/prep_12633774/package	10	frontier_add4.tsv	10
55	3u7y_flex_p6	3u7y	6	G384;G382	G385;L587;L649;L648;G386;L586;L650;G383;G381	L648;G386;L586;L650;G383;G381		9	11	39	structures/3u7y.min.reduce.renum.pdb	05c017babffa70e299ede4dd2e7a2982d50ab3054755309c29099ff13f2678b5	12633776_11	16	128	96	/usr/xtmp/lz280/packstar_flex_frontier16_20260918/prep_12633774/package	11	frontier_add4.tsv	11
56	3gxu_flex_p0	3gxu	0	A30	B249;B250;B251			3	4	20	structures/3gxu.min.reduce.renum.pdb	e3fdfb0e15b6d338d12b7c35e8504d74c54fc6bff6745b2987e740ba87998d64	12633776_12	16	128	96	/usr/xtmp/lz280/packstar_flex_frontier16_20260918/prep_12633774/package	12	frontier_add4.tsv	12
57	3gxu_flex_p1	3gxu	1	A30	B249;B250;B251;B252	B252		4	5	20	structures/3gxu.min.reduce.renum.pdb	e3fdfb0e15b6d338d12b7c35e8504d74c54fc6bff6745b2987e740ba87998d64	12633776_13	16	128	96	/usr/xtmp/lz280/packstar_flex_frontier16_20260918/prep_12633774/package	13	frontier_add4.tsv	13
58	3gxu_flex_p2	3gxu	2	A30	B249;B250;B251;B252;A29	B252;A29		5	6	20	structures/3gxu.min.reduce.renum.pdb	e3fdfb0e15b6d338d12b7c35e8504d74c54fc6bff6745b2987e740ba87998d64	12633776_14	16	128	96	/usr/xtmp/lz280/packstar_flex_frontier16_20260918/prep_12633774/package	14	frontier_add4.tsv	14
59	3gxu_flex_p3	3gxu	3	A30	B249;B250;B251;B252;A29;A31	B252;A29;A31		6	7	20	structures/3gxu.min.reduce.renum.pdb	e3fdfb0e15b6d338d12b7c35e8504d74c54fc6bff6745b2987e740ba87998d64	12633776_15	16	128	96	/usr/xtmp/lz280/packstar_flex_frontier16_20260918/prep_12633774/package	15	frontier_add4.tsv	15
60	3gxu_flex_p4	3gxu	4	A30	B249;B250;B251;B252;A29;A31;B248	B252;A29;A31;B248		7	8	20	structures/3gxu.min.reduce.renum.pdb	e3fdfb0e15b6d338d12b7c35e8504d74c54fc6bff6745b2987e740ba87998d64	12633776_16	16	128	96	/usr/xtmp/lz280/packstar_flex_frontier16_20260918/prep_12633774/package	16	frontier_add4.tsv	16
61	3gxu_flex_p5	3gxu	5	A30	B249;B250;B251;B252;A29;A31;B248;B204	B252;A29;A31;B248;B204		8	9	20	structures/3gxu.min.reduce.renum.pdb	e3fdfb0e15b6d338d12b7c35e8504d74c54fc6bff6745b2987e740ba87998d64	12633776_17	16	128	96	/usr/xtmp/lz280/packstar_flex_frontier16_20260918/prep_12633774/package	17	frontier_add4.tsv	17
62	3gxu_flex_p6	3gxu	6	A30	B249;B250;B251;B252;A29;A31;B248;B204;A40	B252;A29;A31;B248;B204;A40		9	10	20	structures/3gxu.min.reduce.renum.pdb	e3fdfb0e15b6d338d12b7c35e8504d74c54fc6bff6745b2987e740ba87998d64	12633776_18	16	128	96	/usr/xtmp/lz280/packstar_flex_frontier16_20260918/prep_12633774/package	18	frontier_add4.tsv	18
63	3gxu_flex_p7	3gxu	7	A30	B249;B250;B251;B252;A29;A31;B248;B204;A40;B206	B252;A29;A31;B248;B204;A40;B206		10	11	20	structures/3gxu.min.reduce.renum.pdb	e3fdfb0e15b6d338d12b7c35e8504d74c54fc6bff6745b2987e740ba87998d64	12633776_19	16	128	96	/usr/xtmp/lz280/packstar_flex_frontier16_20260918/prep_12633774/package	19	frontier_add4.tsv	19
64	3gxu_flex_p8	3gxu	8	A30	B249;B250;B251;B252;A29;A31;B248;B204;A40;B206;B205	B252;A29;A31;B248;B204;A40;B206;B205		11	12	20	structures/3gxu.min.reduce.renum.pdb	e3fdfb0e15b6d338d12b7c35e8504d74c54fc6bff6745b2987e740ba87998d64	12633776_20	16	128	96	/usr/xtmp/lz280/packstar_flex_frontier16_20260918/prep_12633774/package	20	frontier_add4.tsv	20
65	3gxu_flex_p9	3gxu	9	A30	B249;B250;B251;B252;A29;A31;B248;B204;A40;B206;B205;B203	B252;A29;A31;B248;B204;A40;B206;B205;B203		12	13	20	structures/3gxu.min.reduce.renum.pdb	e3fdfb0e15b6d338d12b7c35e8504d74c54fc6bff6745b2987e740ba87998d64	12633776_21	16	128	96	/usr/xtmp/lz280/packstar_flex_frontier16_20260918/prep_12633774/package	21	frontier_add4.tsv	21
66	3bua_flex_m2	3bua	-2	C447;C450	D638;D641;D642;D645;D623;D619;D616;D620;C417;C414;C410;C421;C452;C443		C446;C444	14	16	39	structures/3bua.min.reduce.renum.pdb	30541f309b5832f60b4735a62deb947c15b24f0e01f1e6de609d4b71abcba6b4	12633775_22	16	96	64	/usr/xtmp/lz280/packstar_flex_frontier16_20260918/prep_12633774/package	22	frontier_add4.tsv	22
67	3bua_flex_m1	3bua	-1	C447;C450	D638;D641;D642;D645;D623;D619;D616;D620;C417;C414;C410;C421;C452;C443;C444		C446	15	17	39	structures/3bua.min.reduce.renum.pdb	30541f309b5832f60b4735a62deb947c15b24f0e01f1e6de609d4b71abcba6b4	12633775_23	16	96	64	/usr/xtmp/lz280/packstar_flex_frontier16_20260918/prep_12633774/package	23	frontier_add4.tsv	23
68	3bua_flex_p0	3bua	0	C447;C450	D638;D641;D642;D645;D623;D619;D616;D620;C417;C414;C410;C421;C452;C443;C444;C446			16	18	39	structures/3bua.min.reduce.renum.pdb	30541f309b5832f60b4735a62deb947c15b24f0e01f1e6de609d4b71abcba6b4	12633775_24	16	96	64	/usr/xtmp/lz280/packstar_flex_frontier16_20260918/prep_12633774/package	24	frontier_add4.tsv	24
69	3bu8_flex_p7	3bu8	7	B243	D431;A34;A35;D430;B242;A36;D432;B244;A33;B246	D430;B242;A36;D432;B244;A33;B246		10	11	20	structures/3bu8.min.reduce.renum.pdb	cc4dc324318180bca6671a1fe5ba968c3e461132e5981705e89816d183c11e2f	12643021_0	16	128	96	/usr/xtmp/lz280/packstar_flex_frontier20_20260919/prep_12643020/package	0	frontier_small4.tsv	0
70	3bu8_flex_p8	3bu8	8	B243	D431;A34;A35;D430;B242;A36;D432;B244;A33;B246;A37	D430;B242;A36;D432;B244;A33;B246;A37		11	12	20	structures/3bu8.min.reduce.renum.pdb	cc4dc324318180bca6671a1fe5ba968c3e461132e5981705e89816d183c11e2f	12643021_1	16	128	96	/usr/xtmp/lz280/packstar_flex_frontier20_20260919/prep_12643020/package	1	frontier_small4.tsv	1
71	3bu8_flex_p9	3bu8	9	B243	D431;A34;A35;D430;B242;A36;D432;B244;A33;B246;A37;A32	D430;B242;A36;D432;B244;A33;B246;A37;A32		12	13	20	structures/3bu8.min.reduce.renum.pdb	cc4dc324318180bca6671a1fe5ba968c3e461132e5981705e89816d183c11e2f	12643021_2	16	128	96	/usr/xtmp/lz280/packstar_flex_frontier20_20260919/prep_12643020/package	2	frontier_small4.tsv	2
72	3bu8_flex_p10	3bu8	10	B243	D431;A34;A35;D430;B242;A36;D432;B244;A33;B246;A37;A32;B240	D430;B242;A36;D432;B244;A33;B246;A37;A32;B240		13	14	20	structures/3bu8.min.reduce.renum.pdb	cc4dc324318180bca6671a1fe5ba968c3e461132e5981705e89816d183c11e2f	12643021_3	16	128	96	/usr/xtmp/lz280/packstar_flex_frontier20_20260919/prep_12643020/package	3	frontier_small4.tsv	3
73	4wem_flex_p6	4wem	6	B347	B357;B278;A42;A4;B356;A3;A43;A5;A41;B279	B356;A3;A43;A5;A41;B279		10	11	21	structures/4wem.min.reduce.renum.pdb	92f57e7f95c986bc8a452f99310c7b95971a58ccbddbc0a9b9b5d5c8522f9216	12643021_4	16	128	96	/usr/xtmp/lz280/packstar_flex_frontier20_20260919/prep_12643020/package	4	frontier_small4.tsv	4
74	4wem_flex_p7	4wem	7	B347	B357;B278;A42;A4;B356;A3;A43;A5;A41;B279;B277	B356;A3;A43;A5;A41;B279;B277		11	12	21	structures/4wem.min.reduce.renum.pdb	92f57e7f95c986bc8a452f99310c7b95971a58ccbddbc0a9b9b5d5c8522f9216	12643021_5	16	128	96	/usr/xtmp/lz280/packstar_flex_frontier20_20260919/prep_12643020/package	5	frontier_small4.tsv	5
75	4wem_flex_p8	4wem	8	B347	B357;B278;A42;A4;B356;A3;A43;A5;A41;B279;B277;A196	B356;A3;A43;A5;A41;B279;B277;A196		12	13	21	structures/4wem.min.reduce.renum.pdb	92f57e7f95c986bc8a452f99310c7b95971a58ccbddbc0a9b9b5d5c8522f9216	12643021_6	16	128	96	/usr/xtmp/lz280/packstar_flex_frontier20_20260919/prep_12643020/package	6	frontier_small4.tsv	6
76	4wem_flex_p9	4wem	9	B347	B357;B278;A42;A4;B356;A3;A43;A5;A41;B279;B277;A196;B276	B356;A3;A43;A5;A41;B279;B277;A196;B276		13	14	21	structures/4wem.min.reduce.renum.pdb	92f57e7f95c986bc8a452f99310c7b95971a58ccbddbc0a9b9b5d5c8522f9216	12643021_7	16	128	96	/usr/xtmp/lz280/packstar_flex_frontier20_20260919/prep_12643020/package	7	frontier_small4.tsv	7
77	2rf9_flex_p7	2rf9	7	D586;D585	D582;D578;B499;B503;B504;B498;D581;D583;D587;D579;D584	B504;B498;D581;D583;D587;D579;D584		11	13	39	structures/2rf9.min.reduce.renum.pdb	f8e6b62f782e0041d58209e68b25129a7f6bd4f15371a7c05c93c0031d7a092b	12643021_8	16	128	96	/usr/xtmp/lz280/packstar_flex_frontier20_20260919/prep_12643020/package	8	frontier_small4.tsv	8
78	2rf9_flex_p8	2rf9	8	D586;D585	D582;D578;B499;B503;B504;B498;D581;D583;D587;D579;D584;B502	B504;B498;D581;D583;D587;D579;D584;B502		12	14	39	structures/2rf9.min.reduce.renum.pdb	f8e6b62f782e0041d58209e68b25129a7f6bd4f15371a7c05c93c0031d7a092b	12643021_9	16	128	96	/usr/xtmp/lz280/packstar_flex_frontier20_20260919/prep_12643020/package	9	frontier_small4.tsv	9
79	2rf9_flex_p9	2rf9	9	D586;D585	D582;D578;B499;B503;B504;B498;D581;D583;D587;D579;D584;B502;B500	B504;B498;D581;D583;D587;D579;D584;B502;B500		13	15	39	structures/2rf9.min.reduce.renum.pdb	f8e6b62f782e0041d58209e68b25129a7f6bd4f15371a7c05c93c0031d7a092b	12643021_10	16	128	96	/usr/xtmp/lz280/packstar_flex_frontier20_20260919/prep_12643020/package	10	frontier_small4.tsv	10
80	2rf9_flex_p10	2rf9	10	D586;D585	D582;D578;B499;B503;B504;B498;D581;D583;D587;D579;D584;B502;B500;D577	B504;B498;D581;D583;D587;D579;D584;B502;B500;D577		14	16	39	structures/2rf9.min.reduce.renum.pdb	f8e6b62f782e0041d58209e68b25129a7f6bd4f15371a7c05c93c0031d7a092b	12643021_11	16	128	96	/usr/xtmp/lz280/packstar_flex_frontier20_20260919/prep_12643020/package	11	frontier_small4.tsv	11
81	5it3_flex_p7	5it3	7	A41	B134;B153;A37;A34;A38;B133;B135;A39;A40;A35;A36;A33	B133;B135;A39;A40;A35;A36;A33		12	13	20	structures/5it3.min.reduce.renum.pdb	385250d44183624e89b21ca3ce213004c8f149a941f52f743a8dd20de870424c	12643021_12	16	128	96	/usr/xtmp/lz280/packstar_flex_frontier20_20260919/prep_12643020/package	12	frontier_small4.tsv	12
82	5it3_flex_p8	5it3	8	A41	B134;B153;A37;A34;A38;B133;B135;A39;A40;A35;A36;A33;A42	B133;B135;A39;A40;A35;A36;A33;A42		13	14	20	structures/5it3.min.reduce.renum.pdb	385250d44183624e89b21ca3ce213004c8f149a941f52f743a8dd20de870424c	12643021_13	16	128	96	/usr/xtmp/lz280/packstar_flex_frontier20_20260919/prep_12643020/package	13	frontier_small4.tsv	13
83	5it3_flex_p9	5it3	9	A41	B134;B153;A37;A34;A38;B133;B135;A39;A40;A35;A36;A33;A42;B137	B133;B135;A39;A40;A35;A36;A33;A42;B137		14	15	20	structures/5it3.min.reduce.renum.pdb	385250d44183624e89b21ca3ce213004c8f149a941f52f743a8dd20de870424c	12643021_14	16	128	96	/usr/xtmp/lz280/packstar_flex_frontier20_20260919/prep_12643020/package	14	frontier_small4.tsv	14
84	5it3_flex_p10	5it3	10	A41	B134;B153;A37;A34;A38;B133;B135;A39;A40;A35;A36;A33;A42;B137;A31	B133;B135;A39;A40;A35;A36;A33;A42;B137;A31		15	16	20	structures/5it3.min.reduce.renum.pdb	385250d44183624e89b21ca3ce213004c8f149a941f52f743a8dd20de870424c	12643021_15	16	128	96	/usr/xtmp/lz280/packstar_flex_frontier20_20260919/prep_12643020/package	15	frontier_small4.tsv	15
85	1b6c_flex_p0	1b6c	0	E965	F994;F995;E903;E892;E957;E925;E963;E947;E922;E942;E940;E967;E948			13	14	20	structures/1b6c.min.reduce.renum.pdb	f5f2300da8c053977b62db8ffe9c4e29119b29d9c6e1ff78e1486678736aee64	12651523_0	16	96	64	/usr/xtmp/lz280/packstar_flex_frontier38_20260920/prep_12651495/package	0	frontier_remaining18_plus4.tsv	0
86	1b6c_flex_p1	1b6c	1	E965	F994;F995;E903;E892;E957;E925;E963;E947;E922;E942;E940;E967;E948;E893			14	15	20	structures/1b6c.min.reduce.renum.pdb	f5f2300da8c053977b62db8ffe9c4e29119b29d9c6e1ff78e1486678736aee64	12651523_1	16	96	64	/usr/xtmp/lz280/packstar_flex_frontier38_20260920/prep_12651495/package	1	frontier_remaining18_plus4.tsv	1
87	1gwc_flex_p0	1gwc	0	C514	B314;B309;B313;B311;B317;C510;C505;C446;C503;C511;C498;C500			12	13	20	structures/1gwc.min.reduce.renum.pdb	8e52f063e5911c83d039199e14da3edcd55355d6f93f00700cb96e6577b3f304	12651523_2	16	96	64	/usr/xtmp/lz280/packstar_flex_frontier38_20260920/prep_12651495/package	2	frontier_remaining18_plus4.tsv	2
88	1gwc_flex_p1	1gwc	1	C514	B314;B309;B313;B311;B317;C510;C505;C446;C503;C511;C498;C500;C497			13	14	20	structures/1gwc.min.reduce.renum.pdb	8e52f063e5911c83d039199e14da3edcd55355d6f93f00700cb96e6577b3f304	12651523_3	16	96	64	/usr/xtmp/lz280/packstar_flex_frontier38_20260920/prep_12651495/package	3	frontier_remaining18_plus4.tsv	3
89	2hnu_flex_p2	2hnu	2	D309;D318	D311;D271;D316;D306;D305;C192;C182;C233;C181;D319;C193			11	13	39	structures/2hnu.min.reduce.renum.pdb	848f254f069c1a865a4c4a9b70cb361970bdaf2d5b2f2877ed750cef32a29d16	12651523_4	16	96	64	/usr/xtmp/lz280/packstar_flex_frontier38_20260920/prep_12651495/package	4	frontier_remaining18_plus4.tsv	4
90	2hnu_flex_p3	2hnu	3	D309;D318	D311;D271;D316;D306;D305;C192;C182;C233;C181;D319;C193;C191			12	14	39	structures/2hnu.min.reduce.renum.pdb	848f254f069c1a865a4c4a9b70cb361970bdaf2d5b2f2877ed750cef32a29d16	12651523_5	16	96	64	/usr/xtmp/lz280/packstar_flex_frontier38_20260920/prep_12651495/package	5	frontier_remaining18_plus4.tsv	5
91	2hnu_flex_p4	2hnu	4	D309;D318	D311;D271;D316;D306;D305;C192;C182;C233;C181;D319;C193;C191;C180			13	15	39	structures/2hnu.min.reduce.renum.pdb	848f254f069c1a865a4c4a9b70cb361970bdaf2d5b2f2877ed750cef32a29d16	12651516_6	16	96	64	/usr/xtmp/lz280/packstar_flex_frontier38_20260920/prep_12651495/package	6	frontier_remaining18_plus4.tsv	6
92	2hnv_flex_p1	2hnv	1	C237;C228	D273;D262;D314;D263;C235;C224;C225;C230;C190;C238			10	12	39	structures/2hnv.min.reduce.renum.pdb	72965bf15cb3b5b64d655903ba4079bedc5938fd5026d75f5855d2e6c28f3942	12651523_7	16	96	64	/usr/xtmp/lz280/packstar_flex_frontier38_20260920/prep_12651495/package	7	frontier_remaining18_plus4.tsv	7
93	2hnv_flex_p2	2hnv	2	C237;C228	D273;D262;D314;D263;C235;C224;C225;C230;C190;C238;D261			11	13	39	structures/2hnv.min.reduce.renum.pdb	72965bf15cb3b5b64d655903ba4079bedc5938fd5026d75f5855d2e6c28f3942	12651523_8	16	96	64	/usr/xtmp/lz280/packstar_flex_frontier38_20260920/prep_12651495/package	8	frontier_remaining18_plus4.tsv	8
94	2hnv_flex_p3	2hnv	3	C237;C228	D273;D262;D314;D263;C235;C224;C225;C230;C190;C238;D261;D274			12	14	39	structures/2hnv.min.reduce.renum.pdb	72965bf15cb3b5b64d655903ba4079bedc5938fd5026d75f5855d2e6c28f3942	12651516_9	16	96	64	/usr/xtmp/lz280/packstar_flex_frontier38_20260920/prep_12651495/package	9	frontier_remaining18_plus4.tsv	9
95	2p4a_flex_p4	2p4a	4	D476;D475	B226;B225;B228;A111;A69;A71;B224;A112;B229;A68			10	12	39	structures/2p4a.min.reduce.renum.pdb	b4a481b2b2b0c3b5c47f49a1e223828c4139dfb7e3ae25398a7852cb24ae9f92	12651523_10	16	96	64	/usr/xtmp/lz280/packstar_flex_frontier38_20260920/prep_12651495/package	10	frontier_remaining18_plus4.tsv	10
96	2p4a_flex_p5	2p4a	5	D476;D475	B226;B225;B228;A111;A69;A71;B224;A112;B229;A68;B227			11	13	39	structures/2p4a.min.reduce.renum.pdb	b4a481b2b2b0c3b5c47f49a1e223828c4139dfb7e3ae25398a7852cb24ae9f92	12651523_11	16	96	64	/usr/xtmp/lz280/packstar_flex_frontier38_20260920/prep_12651495/package	11	frontier_remaining18_plus4.tsv	11
97	2p4a_flex_p6	2p4a	6	D476;D475	B226;B225;B228;A111;A69;A71;B224;A112;B229;A68;B227;A70			12	14	39	structures/2p4a.min.reduce.renum.pdb	b4a481b2b2b0c3b5c47f49a1e223828c4139dfb7e3ae25398a7852cb24ae9f92	12651522_12	16	96	64	/usr/xtmp/lz280/packstar_flex_frontier38_20260920/prep_12651495/package	12	frontier_remaining18_plus4.tsv	12
98	2q1e_flex_p2	2q1e	2	D418	D427;D365;D363;D420;D416;D425;C309;C316;C314;C315;D364			11	12	20	structures/2q1e.min.reduce.renum.pdb	1fdfbc254f9aa8027dba2b90f2bece120774861e25c8b972548fcd6703596f5b	12651523_13	16	96	64	/usr/xtmp/lz280/packstar_flex_frontier38_20260920/prep_12651495/package	13	frontier_remaining18_plus4.tsv	13
99	2q1e_flex_p3	2q1e	3	D418	D427;D365;D363;D420;D416;D425;C309;C316;C314;C315;D364;D426			12	13	20	structures/2q1e.min.reduce.renum.pdb	1fdfbc254f9aa8027dba2b90f2bece120774861e25c8b972548fcd6703596f5b	12651523_14	16	96	64	/usr/xtmp/lz280/packstar_flex_frontier38_20260920/prep_12651495/package	14	frontier_remaining18_plus4.tsv	14
100	2q1e_flex_p4	2q1e	4	D418	D427;D365;D363;D420;D416;D425;C309;C316;C314;C315;D364;D426;D362			13	14	20	structures/2q1e.min.reduce.renum.pdb	1fdfbc254f9aa8027dba2b90f2bece120774861e25c8b972548fcd6703596f5b	12651522_15	16	96	64	/usr/xtmp/lz280/packstar_flex_frontier38_20260920/prep_12651495/package	15	frontier_remaining18_plus4.tsv	15
101	2q2a_flex_p0	2q2a	0	B385	B403;B400;B383;B362;B363;B391;B394;B390;A144;A156;A149;A153			12	13	20	structures/2q2a.min.reduce.renum.pdb	ea4be6a6fd940f23bbcdb91b1678192a876b6f908c650eb7ffb006171e98a428	12651523_16	16	96	64	/usr/xtmp/lz280/packstar_flex_frontier38_20260920/prep_12651495/package	16	frontier_remaining18_plus4.tsv	16
102	2q2a_flex_p1	2q2a	1	B385	B403;B400;B383;B362;B363;B391;B394;B390;A144;A156;A149;A153;B404			13	14	20	structures/2q2a.min.reduce.renum.pdb	ea4be6a6fd940f23bbcdb91b1678192a876b6f908c650eb7ffb006171e98a428	12651523_17	16	96	64	/usr/xtmp/lz280/packstar_flex_frontier38_20260920/prep_12651495/package	17	frontier_remaining18_plus4.tsv	17
103	2rfe_flex_p0	2rfe	0	B488	F1138;B500;B499;B504;B506;B475;B471;B452;B524;B505;B496;B491			12	13	20	structures/2rfe.min.reduce.renum.pdb	ce698f5fdbc5090c56247449564bc8e3518aafc92d330b3efa3253a811ac0d87	12651523_18	16	96	64	/usr/xtmp/lz280/packstar_flex_frontier38_20260920/prep_12651495/package	18	frontier_remaining18_plus4.tsv	18
104	2rfe_flex_p1	2rfe	1	B488	F1138;B500;B499;B504;B506;B475;B471;B452;B524;B505;B496;B491;B501			13	14	20	structures/2rfe.min.reduce.renum.pdb	ce698f5fdbc5090c56247449564bc8e3518aafc92d330b3efa3253a811ac0d87	12651523_19	16	96	64	/usr/xtmp/lz280/packstar_flex_frontier38_20260920/prep_12651495/package	19	frontier_remaining18_plus4.tsv	19
105	2rl0_flex_m1	2rl0	-1	A85	G95;G97;A75;A65;A63;A49;A48;A51;A50;A87;A77			11	12	20	structures/2rl0.min.reduce.renum.pdb	17c3fc75a1a7799e94a0516af23187018499c3923868a87d8c4825fdf22ebbfd	12651523_20	16	96	64	/usr/xtmp/lz280/packstar_flex_frontier38_20260920/prep_12651495/package	20	frontier_remaining18_plus4.tsv	20
106	2rl0_flex_p0	2rl0	0	A85	G95;G97;A75;A65;A63;A49;A48;A51;A50;A87;A77;A76			12	13	20	structures/2rl0.min.reduce.renum.pdb	17c3fc75a1a7799e94a0516af23187018499c3923868a87d8c4825fdf22ebbfd	12651523_21	16	96	64	/usr/xtmp/lz280/packstar_flex_frontier38_20260920/prep_12651495/package	21	frontier_remaining18_plus4.tsv	21
107	2xxm_flex_p0	2xxm	0	B107	B115;B117;B109;B173;B105;B167;B165;A30;A4;A6;A5			11	12	20	structures/2xxm.min.reduce.renum.pdb	f1a1c3f31a8f7648a41f66fec1da8b0de570f48b1a63f36eb36735381bb8aaa1	12651523_22	16	96	64	/usr/xtmp/lz280/packstar_flex_frontier38_20260920/prep_12651495/package	22	frontier_remaining18_plus4.tsv	22
108	2xxm_flex_p1	2xxm	1	B107	B115;B117;B109;B173;B105;B167;B165;A30;A4;A6;A5;B106			12	13	20	structures/2xxm.min.reduce.renum.pdb	f1a1c3f31a8f7648a41f66fec1da8b0de570f48b1a63f36eb36735381bb8aaa1	12651523_23	16	96	64	/usr/xtmp/lz280/packstar_flex_frontier38_20260920/prep_12651495/package	23	frontier_remaining18_plus4.tsv	23
109	2xxm_flex_p2	2xxm	2	B107	B115;B117;B109;B173;B105;B167;B165;A30;A4;A6;A5;B106;B168			13	14	20	structures/2xxm.min.reduce.renum.pdb	f1a1c3f31a8f7648a41f66fec1da8b0de570f48b1a63f36eb36735381bb8aaa1	12651522_24	16	96	64	/usr/xtmp/lz280/packstar_flex_frontier38_20260920/prep_12651495/package	24	frontier_remaining18_plus4.tsv	24
110	3cal_flex_p3	3cal	3	C147	D212;C126;C128;C113;C137;C111;C139;C120;C149;C125;C148;C127			12	13	20	structures/3cal.min.reduce.renum.pdb	ae9d613aad4f87b80cd00c5aa3dfcf518dbd91c3aa007f6f28ae191f264f37f1	12651523_25	16	96	64	/usr/xtmp/lz280/packstar_flex_frontier38_20260920/prep_12651495/package	25	frontier_remaining18_plus4.tsv	25
111	3cal_flex_p4	3cal	4	C147	D212;C126;C128;C113;C137;C111;C139;C120;C149;C125;C148;C127;C146			13	14	20	structures/3cal.min.reduce.renum.pdb	ae9d613aad4f87b80cd00c5aa3dfcf518dbd91c3aa007f6f28ae191f264f37f1	12651523_26	16	96	64	/usr/xtmp/lz280/packstar_flex_frontier38_20260920/prep_12651495/package	26	frontier_remaining18_plus4.tsv	26
112	3cal_flex_p5	3cal	5	C147	D212;C126;C128;C113;C137;C111;C139;C120;C149;C125;C148;C127;C146;C112			14	15	20	structures/3cal.min.reduce.renum.pdb	ae9d613aad4f87b80cd00c5aa3dfcf518dbd91c3aa007f6f28ae191f264f37f1	12651522_27	16	96	64	/usr/xtmp/lz280/packstar_flex_frontier38_20260920/prep_12651495/package	27	frontier_remaining18_plus4.tsv	27
113	3eb6_flex_p3	3eb6	3	A44;A45	B128;A55;A29;A19;A42;A41;A37;A30;A38;A28			10	12	39	structures/3eb6.min.reduce.renum.pdb	cd633dddedd01529c022eed488818b918e3dc5c5e88d740014aa24dada36a76f	12651523_28	16	96	64	/usr/xtmp/lz280/packstar_flex_frontier38_20260920/prep_12651495/package	28	frontier_remaining18_plus4.tsv	28
114	3eb6_flex_p4	3eb6	4	A44;A45	B128;A55;A29;A19;A42;A41;A37;A30;A38;A28;A54			11	13	39	structures/3eb6.min.reduce.renum.pdb	cd633dddedd01529c022eed488818b918e3dc5c5e88d740014aa24dada36a76f	12651523_29	16	96	64	/usr/xtmp/lz280/packstar_flex_frontier38_20260920/prep_12651495/package	29	frontier_remaining18_plus4.tsv	29
115	3eb6_flex_p5	3eb6	5	A44;A45	B128;A55;A29;A19;A42;A41;A37;A30;A38;A28;A54;A40			12	14	39	structures/3eb6.min.reduce.renum.pdb	cd633dddedd01529c022eed488818b918e3dc5c5e88d740014aa24dada36a76f	12651522_30	16	96	64	/usr/xtmp/lz280/packstar_flex_frontier38_20260920/prep_12651495/package	30	frontier_remaining18_plus4.tsv	30
116	4hem_flex_p1	4hem	1	C372	B226;C326;C303;C318;C360;C377;C322;C332;C328;C330;C353;C331			12	13	20	structures/4hem.min.reduce.renum.pdb	b5d1eaff99cd81f870187217f91cc64703de161fd6a950826be8724e8980fc3b	12651523_31	16	96	64	/usr/xtmp/lz280/packstar_flex_frontier38_20260920/prep_12651495/package	31	frontier_remaining18_plus4.tsv	31
117	4hem_flex_p2	4hem	2	C372	B226;C326;C303;C318;C360;C377;C322;C332;C328;C330;C353;C331;C321			13	14	20	structures/4hem.min.reduce.renum.pdb	b5d1eaff99cd81f870187217f91cc64703de161fd6a950826be8724e8980fc3b	12651523_32	16	96	64	/usr/xtmp/lz280/packstar_flex_frontier38_20260920/prep_12651495/package	32	frontier_remaining18_plus4.tsv	32
118	4hem_flex_p3	4hem	3	C372	B226;C326;C303;C318;C360;C377;C322;C332;C328;C330;C353;C331;C321;C359			14	15	20	structures/4hem.min.reduce.renum.pdb	b5d1eaff99cd81f870187217f91cc64703de161fd6a950826be8724e8980fc3b	12651522_33	16	96	64	/usr/xtmp/lz280/packstar_flex_frontier38_20260920/prep_12651495/package	33	frontier_remaining18_plus4.tsv	33
119	4kt6_flex_p0	4kt6	0	D712	D822;D815;D759;C512;C511;C509;C519;C515;C518			9	10	20	structures/4kt6.min.reduce.renum.pdb	f13f9c8fcd6fd0a9ca26426d87b44cc763c33b819c36aa260d8521ca9e93e0e9	12651523_34	16	96	64	/usr/xtmp/lz280/packstar_flex_frontier38_20260920/prep_12651495/package	34	frontier_remaining18_plus4.tsv	34
120	4kt6_flex_p1	4kt6	1	D712	D822;D815;D759;C512;C511;C509;C519;C515;C518;D816			10	11	20	structures/4kt6.min.reduce.renum.pdb	f13f9c8fcd6fd0a9ca26426d87b44cc763c33b819c36aa260d8521ca9e93e0e9	12651523_35	16	96	64	/usr/xtmp/lz280/packstar_flex_frontier38_20260920/prep_12651495/package	35	frontier_remaining18_plus4.tsv	35
121	4kt6_flex_p2	4kt6	2	D712	D822;D815;D759;C512;C511;C509;C519;C515;C518;D816;C516			11	12	20	structures/4kt6.min.reduce.renum.pdb	f13f9c8fcd6fd0a9ca26426d87b44cc763c33b819c36aa260d8521ca9e93e0e9	12651522_36	16	96	64	/usr/xtmp/lz280/packstar_flex_frontier38_20260920/prep_12651495/package	36	frontier_remaining18_plus4.tsv	36
122	4pxf_flex_p4	4pxf	4	A249	B328;B330;A246;A245;A226;A225;A138;A229;A244;A247;A227;A139			12	13	20	structures/4pxf.min.reduce.renum.pdb	0297976728b341c0a76ad496fcdaa1fe586b199ac18524f892b6ef47fea35d2c	12651523_37	16	96	64	/usr/xtmp/lz280/packstar_flex_frontier38_20260920/prep_12651495/package	37	frontier_remaining18_plus4.tsv	37
123	4pxf_flex_p5	4pxf	5	A249	B328;B330;A246;A245;A226;A225;A138;A229;A244;A247;A227;A139;A250			13	14	20	structures/4pxf.min.reduce.renum.pdb	0297976728b341c0a76ad496fcdaa1fe586b199ac18524f892b6ef47fea35d2c	12651523_38	16	96	64	/usr/xtmp/lz280/packstar_flex_frontier38_20260920/prep_12651495/package	38	frontier_remaining18_plus4.tsv	38
124	4pxf_flex_p6	4pxf	6	A249	B328;B330;A246;A245;A226;A225;A138;A229;A244;A247;A227;A139;A250;A228			14	15	20	structures/4pxf.min.reduce.renum.pdb	0297976728b341c0a76ad496fcdaa1fe586b199ac18524f892b6ef47fea35d2c	12651522_39	16	96	64	/usr/xtmp/lz280/packstar_flex_frontier38_20260920/prep_12651495/package	39	frontier_remaining18_plus4.tsv	39
125	4z80_flex_m2	4z80	-2	D967;D970	D972;B621;B620;B646;B758;B756;B649;B760;B563;B663			10	12	39	structures/4z80.min.reduce.renum.pdb	3b9938f38c7a5d45ca5985d0069f19de191894389f918af3d1e30406d989724d	12651523_40	16	96	64	/usr/xtmp/lz280/packstar_flex_frontier38_20260920/prep_12651495/package	40	frontier_remaining18_plus4.tsv	40
126	4z80_flex_m1	4z80	-1	D967;D970	D972;D971;B621;B620;B646;B758;B756;B649;B760;B563;B663			11	13	39	structures/4z80.min.reduce.renum.pdb	3b9938f38c7a5d45ca5985d0069f19de191894389f918af3d1e30406d989724d	12651523_41	16	96	64	/usr/xtmp/lz280/packstar_flex_frontier38_20260920/prep_12651495/package	41	frontier_remaining18_plus4.tsv	41
127	5d68_flex_p0	5d68	0	A313	C903;C937;C905;C910;C935;C914;A310;A309;A265;A261;A262			11	12	20	structures/5d68.min.reduce.renum.pdb	7f14a6d67cb5b879a5fe4e1a37f793ae2e82adc251545f36deaa59bd78abb1b2	12651523_42	16	96	64	/usr/xtmp/lz280/packstar_flex_frontier38_20260920/prep_12651495/package	42	frontier_remaining18_plus4.tsv	42
128	5d68_flex_p1	5d68	1	A313	C903;C937;C905;C910;C935;C914;A310;A309;A265;A261;A262;C934			12	13	20	structures/5d68.min.reduce.renum.pdb	7f14a6d67cb5b879a5fe4e1a37f793ae2e82adc251545f36deaa59bd78abb1b2	12651523_43	16	96	64	/usr/xtmp/lz280/packstar_flex_frontier38_20260920/prep_12651495/package	43	frontier_remaining18_plus4.tsv	43
129	5d68_flex_p2	5d68	2	A313	C903;C937;C905;C910;C935;C914;A310;A309;A265;A261;A262;C934;C906			13	14	20	structures/5d68.min.reduce.renum.pdb	7f14a6d67cb5b879a5fe4e1a37f793ae2e82adc251545f36deaa59bd78abb1b2	12651522_44	16	96	64	/usr/xtmp/lz280/packstar_flex_frontier38_20260920/prep_12651495/package	44	frontier_remaining18_plus4.tsv	44
130	5em2_flex_p2	5em2	2	B614;B612	B606;B609;B607;B537;A105;A103;B538;B536			8	10	39	structures/5em2.min.reduce.renum.pdb	0166b3c392b703c1fec55dd1d3907bd4a7c396ab8ec4260ebb8f304353b51ad9	12651523_45	16	96	64	/usr/xtmp/lz280/packstar_flex_frontier38_20260920/prep_12651495/package	45	frontier_remaining18_plus4.tsv	45
131	5em2_flex_p3	5em2	3	B614;B612	B606;B609;B607;B537;A105;A103;B538;B536;A104			9	11	39	structures/5em2.min.reduce.renum.pdb	0166b3c392b703c1fec55dd1d3907bd4a7c396ab8ec4260ebb8f304353b51ad9	12651523_46	16	96	64	/usr/xtmp/lz280/packstar_flex_frontier38_20260920/prep_12651495/package	46	frontier_remaining18_plus4.tsv	46
132	5em2_flex_p4	5em2	4	B614;B612	B606;B609;B607;B537;A105;A103;B538;B536;A104;A106			10	12	39	structures/5em2.min.reduce.renum.pdb	0166b3c392b703c1fec55dd1d3907bd4a7c396ab8ec4260ebb8f304353b51ad9	12651522_47	16	96	64	/usr/xtmp/lz280/packstar_flex_frontier38_20260920/prep_12651495/package	47	frontier_remaining18_plus4.tsv	47
133	4znc_flex_p6	4znc	6	E534	F716;F733;F731;F718;E499;E528;E497;E533;E500;F732;E535;E496;F717			13	14	20	structures/4znc.min.reduce.renum.pdb	19d4423b65055cbb79be8cde77db8b6bf0da4e5d2ced3c0c1c809dfb710525db	12651516_48	16	96	64	/usr/xtmp/lz280/packstar_flex_frontier38_20260920/prep_12651495/package	48	frontier_remaining18_plus4.tsv	48
134	3gxu_flex_p10	3gxu	10	A30	B249;B250;B251;B252;A29;A31;B248;B204;A40;B206;B205;B203;A39			13	14	20	structures/3gxu.min.reduce.renum.pdb	e3fdfb0e15b6d338d12b7c35e8504d74c54fc6bff6745b2987e740ba87998d64	12651516_49	16	96	64	/usr/xtmp/lz280/packstar_flex_frontier38_20260920/prep_12651495/package	49	frontier_remaining18_plus4.tsv	49
135	4wem_flex_p10	4wem	10	B347	B357;B278;A42;A4;B356;A3;A43;A5;A41;B279;B277;A196;B276;B346			14	15	21	structures/4wem.min.reduce.renum.pdb	92f57e7f95c986bc8a452f99310c7b95971a58ccbddbc0a9b9b5d5c8522f9216	12651516_50	16	96	64	/usr/xtmp/lz280/packstar_flex_frontier38_20260920/prep_12651495/package	50	frontier_remaining18_plus4.tsv	50
136	2rfd_flex_p5	2rfd	5	B547;B544	B543;B541;B540;B531;B530;A238;B545;B553;A239;A237;B539			11	13	39	structures/2rfd.min.reduce.renum.pdb	49712eacd79226367fe50bf5f562e1f5eae5b46e1efb1089ba1de37c7622152a	12651516_51	16	96	64	/usr/xtmp/lz280/packstar_flex_frontier38_20260920/prep_12651495/package	51	frontier_remaining18_plus4.tsv	51
137	2p4a_flex_p7	2p4a	7	D476;D475	B226;B225;B228;A111;A69;A71;B224;A112;B229;A68;B227;A70;D474	B224;A112;B229;A68;B227;A70;D474		13	15	39	structures/2p4a.min.reduce.renum.pdb	b4a481b2b2b0c3b5c47f49a1e223828c4139dfb7e3ae25398a7852cb24ae9f92	12686144_0	16	192	160	/usr/xtmp/lz280/markstar_backfill_20260922/prep_12686118/package	0	frontier_backfill25.tsv	0
138	2p4a_flex_p8	2p4a	8	D476;D475	B226;B225;B228;A111;A69;A71;B224;A112;B229;A68;B227;A70;D474;D477	B224;A112;B229;A68;B227;A70;D474;D477		14	16	39	structures/2p4a.min.reduce.renum.pdb	b4a481b2b2b0c3b5c47f49a1e223828c4139dfb7e3ae25398a7852cb24ae9f92	12686144_1	16	192	160	/usr/xtmp/lz280/markstar_backfill_20260922/prep_12686118/package	1	frontier_backfill25.tsv	1
139	2p4a_flex_p9	2p4a	9	D476;D475	B226;B225;B228;A111;A69;A71;B224;A112;B229;A68;B227;A70;D474;D477;B231	B224;A112;B229;A68;B227;A70;D474;D477;B231		15	17	39	structures/2p4a.min.reduce.renum.pdb	b4a481b2b2b0c3b5c47f49a1e223828c4139dfb7e3ae25398a7852cb24ae9f92	12686144_2	16	192	160	/usr/xtmp/lz280/markstar_backfill_20260922/prep_12686118/package	2	frontier_backfill25.tsv	2
140	2rfd_flex_p6	2rfd	6	B547;B544	B543;B541;B540;B531;B530;A238;B545;B553;A239;A237;B539;B529	B545;B553;A239;A237;B539;B529		12	14	39	structures/2rfd.min.reduce.renum.pdb	49712eacd79226367fe50bf5f562e1f5eae5b46e1efb1089ba1de37c7622152a	12686144_3	16	192	160	/usr/xtmp/lz280/markstar_backfill_20260922/prep_12686118/package	3	frontier_backfill25.tsv	3
141	2rfd_flex_p7	2rfd	7	B547;B544	B543;B541;B540;B531;B530;A238;B545;B553;A239;A237;B539;B529;B532	B545;B553;A239;A237;B539;B529;B532		13	15	39	structures/2rfd.min.reduce.renum.pdb	49712eacd79226367fe50bf5f562e1f5eae5b46e1efb1089ba1de37c7622152a	12686144_4	16	192	160	/usr/xtmp/lz280/markstar_backfill_20260922/prep_12686118/package	4	frontier_backfill25.tsv	4
142	2rfd_flex_p8	2rfd	8	B547;B544	B543;B541;B540;B531;B530;A238;B545;B553;A239;A237;B539;B529;B532;B551	B545;B553;A239;A237;B539;B529;B532;B551		14	16	39	structures/2rfd.min.reduce.renum.pdb	49712eacd79226367fe50bf5f562e1f5eae5b46e1efb1089ba1de37c7622152a	12686144_5	16	192	160	/usr/xtmp/lz280/markstar_backfill_20260922/prep_12686118/package	5	frontier_backfill25.tsv	5
143	4z80_flex_p0	4z80	0	D967;D970	D972;D971;D969;B621;B620;B646;B758;B756;B649;B760;B563;B663			12	14	39	structures/4z80.min.reduce.renum.pdb	3b9938f38c7a5d45ca5985d0069f19de191894389f918af3d1e30406d989724d	12686144_6	16	192	160	/usr/xtmp/lz280/markstar_backfill_20260922/prep_12686118/package	6	frontier_backfill25.tsv	6
144	4z80_flex_p1	4z80	1	D967;D970	D972;D971;D969;B621;B620;B646;B758;B756;B649;B760;B563;B663;B759	B759		13	15	39	structures/4z80.min.reduce.renum.pdb	3b9938f38c7a5d45ca5985d0069f19de191894389f918af3d1e30406d989724d	12686144_7	16	192	160	/usr/xtmp/lz280/markstar_backfill_20260922/prep_12686118/package	7	frontier_backfill25.tsv	7
145	5em2_flex_p5	5em2	5	B614;B612	B606;B609;B607;B537;A105;A103;B538;B536;A104;A106;B608	B538;B536;A104;A106;B608		11	13	39	structures/5em2.min.reduce.renum.pdb	0166b3c392b703c1fec55dd1d3907bd4a7c396ab8ec4260ebb8f304353b51ad9	12686144_8	16	192	160	/usr/xtmp/lz280/markstar_backfill_20260922/prep_12686118/package	8	frontier_backfill25.tsv	8
146	5em2_flex_p6	5em2	6	B614;B612	B606;B609;B607;B537;A105;A103;B538;B536;A104;A106;B608;B611	B538;B536;A104;A106;B608;B611		12	14	39	structures/5em2.min.reduce.renum.pdb	0166b3c392b703c1fec55dd1d3907bd4a7c396ab8ec4260ebb8f304353b51ad9	12686144_9	16	192	160	/usr/xtmp/lz280/markstar_backfill_20260922/prep_12686118/package	9	frontier_backfill25.tsv	9
147	2hnv_flex_p4	2hnv	4	C237;C228	D273;D262;D314;D263;C235;C224;C225;C230;C190;C238;D261;D274;D315	C238;D261;D274;D315		13	15	39	structures/2hnv.min.reduce.renum.pdb	72965bf15cb3b5b64d655903ba4079bedc5938fd5026d75f5855d2e6c28f3942	12686144_10	16	192	160	/usr/xtmp/lz280/markstar_backfill_20260922/prep_12686118/package	10	frontier_backfill25.tsv	10
148	2hnv_flex_p5	2hnv	5	C237;C228	D273;D262;D314;D263;C235;C224;C225;C230;C190;C238;D261;D274;D315;C226	C238;D261;D274;D315;C226		14	16	39	structures/2hnv.min.reduce.renum.pdb	72965bf15cb3b5b64d655903ba4079bedc5938fd5026d75f5855d2e6c28f3942	12686144_11	16	192	160	/usr/xtmp/lz280/markstar_backfill_20260922/prep_12686118/package	11	frontier_backfill25.tsv	11
149	2q2a_flex_p2	2q2a	2	B385	B403;B400;B383;B362;B363;B391;B394;B390;A144;A156;A149;A153;B404;B402	B404;B402		14	15	20	structures/2q2a.min.reduce.renum.pdb	ea4be6a6fd940f23bbcdb91b1678192a876b6f908c650eb7ffb006171e98a428	12686144_12	16	192	160	/usr/xtmp/lz280/markstar_backfill_20260922/prep_12686118/package	12	frontier_backfill25.tsv	12
150	2q2a_flex_p3	2q2a	3	B385	B403;B400;B383;B362;B363;B391;B394;B390;A144;A156;A149;A153;B404;B402;B384	B404;B402;B384		15	16	20	structures/2q2a.min.reduce.renum.pdb	ea4be6a6fd940f23bbcdb91b1678192a876b6f908c650eb7ffb006171e98a428	12686144_13	16	192	160	/usr/xtmp/lz280/markstar_backfill_20260922/prep_12686118/package	13	frontier_backfill25.tsv	13
151	1gwc_flex_p2	1gwc	2	C514	B314;B309;B313;B311;B317;C510;C505;C446;C503;C511;C498;C500;C497;C445	C497;C445		14	15	20	structures/1gwc.min.reduce.renum.pdb	8e52f063e5911c83d039199e14da3edcd55355d6f93f00700cb96e6577b3f304	12686144_14	16	192	160	/usr/xtmp/lz280/markstar_backfill_20260922/prep_12686118/package	14	frontier_backfill25.tsv	14
152	1gwc_flex_p3	1gwc	3	C514	B314;B309;B313;B311;B317;C510;C505;C446;C503;C511;C498;C500;C497;C445;C447	C497;C445;C447		15	16	20	structures/1gwc.min.reduce.renum.pdb	8e52f063e5911c83d039199e14da3edcd55355d6f93f00700cb96e6577b3f304	12686144_15	16	192	160	/usr/xtmp/lz280/markstar_backfill_20260922/prep_12686118/package	15	frontier_backfill25.tsv	15
153	2rl0_flex_p1	2rl0	1	A85	G95;G97;A75;A65;A63;A49;A48;A51;A50;A87;A77;A76;G96	G96		13	14	20	structures/2rl0.min.reduce.renum.pdb	17c3fc75a1a7799e94a0516af23187018499c3923868a87d8c4825fdf22ebbfd	12686144_16	16	192	160	/usr/xtmp/lz280/markstar_backfill_20260922/prep_12686118/package	16	frontier_backfill25.tsv	16
154	2rl0_flex_p2	2rl0	2	A85	G95;G97;A75;A65;A63;A49;A48;A51;A50;A87;A77;A76;G96;G94	G96;G94		14	15	20	structures/2rl0.min.reduce.renum.pdb	17c3fc75a1a7799e94a0516af23187018499c3923868a87d8c4825fdf22ebbfd	12686144_17	16	192	160	/usr/xtmp/lz280/markstar_backfill_20260922/prep_12686118/package	17	frontier_backfill25.tsv	17
155	2rfe_flex_p2	2rfe	2	B488	F1138;B500;B499;B504;B506;B475;B471;B452;B524;B505;B496;B491;B501;B472	B501;B472		14	15	20	structures/2rfe.min.reduce.renum.pdb	ce698f5fdbc5090c56247449564bc8e3518aafc92d330b3efa3253a811ac0d87	12686144_18	16	192	160	/usr/xtmp/lz280/markstar_backfill_20260922/prep_12686118/package	18	frontier_backfill25.tsv	18
156	2hnu_flex_p5	2hnu	5	D309;D318	D311;D271;D316;D306;D305;C192;C182;C233;C181;D319;C193;C191;C180;C234	D319;C193;C191;C180;C234		14	16	39	structures/2hnu.min.reduce.renum.pdb	848f254f069c1a865a4c4a9b70cb361970bdaf2d5b2f2877ed750cef32a29d16	12686144_19	16	192	160	/usr/xtmp/lz280/markstar_backfill_20260922/prep_12686118/package	19	frontier_backfill25.tsv	19
157	2rf9_flex_p11	2rf9	11	D586;D585	D582;D578;B499;B503;B504;B498;D581;D583;D587;D579;D584;B502;B500;D577;B543	B504;B498;D581;D583;D587;D579;D584;B502;B500;D577;B543		15	17	39	structures/2rf9.min.reduce.renum.pdb	f8e6b62f782e0041d58209e68b25129a7f6bd4f15371a7c05c93c0031d7a092b	12686144_20	16	192	160	/usr/xtmp/lz280/markstar_backfill_20260922/prep_12686118/package	20	frontier_backfill25.tsv	20
158	2xxm_flex_p3	2xxm	3	B107	B115;B117;B109;B173;B105;B167;B165;A30;A4;A6;A5;B106;B168;B104	B106;B168;B104		14	15	20	structures/2xxm.min.reduce.renum.pdb	f1a1c3f31a8f7648a41f66fec1da8b0de570f48b1a63f36eb36735381bb8aaa1	12686144_21	16	192	160	/usr/xtmp/lz280/markstar_backfill_20260922/prep_12686118/package	21	frontier_backfill25.tsv	21
159	3eb6_flex_p6	3eb6	6	A44;A45	B128;A55;A29;A19;A42;A41;A37;A30;A38;A28;A54;A40;B129	A30;A38;A28;A54;A40;B129		13	15	39	structures/3eb6.min.reduce.renum.pdb	cd633dddedd01529c022eed488818b918e3dc5c5e88d740014aa24dada36a76f	12686144_22	16	192	160	/usr/xtmp/lz280/markstar_backfill_20260922/prep_12686118/package	22	frontier_backfill25.tsv	22
160	1b6c_flex_p2	1b6c	2	E965	F994;F995;E903;E892;E957;E925;E963;E947;E922;E942;E940;E967;E948;E893;E964	E893;E964		15	16	20	structures/1b6c.min.reduce.renum.pdb	f5f2300da8c053977b62db8ffe9c4e29119b29d9c6e1ff78e1486678736aee64	12686144_23	16	192	160	/usr/xtmp/lz280/markstar_backfill_20260922/prep_12686118/package	23	frontier_backfill25.tsv	23
161	3bu8_flex_p11	3bu8	11	B243	D431;A34;A35;D430;B242;A36;D432;B244;A33;B246;A37;A32;B240;A31	D430;B242;A36;D432;B244;A33;B246;A37;A32;B240;A31		14	15	20	structures/3bu8.min.reduce.renum.pdb	cc4dc324318180bca6671a1fe5ba968c3e461132e5981705e89816d183c11e2f	12686144_24	16	192	160	/usr/xtmp/lz280/markstar_backfill_20260922/prep_12686118/package	24	frontier_backfill25.tsv	24
