design_id	system	kind	destination	group_index	flex_delta	mutable	flexible	total_positions	expected_sequences	pdb_relative	pdb_sha256	requested_cpus	requested_memory_gib	java_heap_gib	limit_hours	historical_mark_seconds	historical_mark_lower_seconds	reference_design	reference_mark_path	source_package	status	slurm_job_id
5d68_flex_p3	5d68	new_tier	compsci	0	3	A313	C903;C937;C905;C910;C935;C914;A310;A309;A265;A261;A262;C934;C906;C936	15	20	structures/5d68.min.reduce.renum.pdb	7f14a6d67cb5b879a5fe4e1a37f793ae2e82adc251545f36deaa59bd78abb1b2	64	192	64	336			5d68_flex_p2	/usr/xtmp/lz280/packstar_flex_frontier38_20260920/A12651522/T44	/usr/xtmp/lz280/frontier_extension7_20261006/prep_12826503/package	SUBMITTED_LOCAL	12826674_0
4u3s_flex_p1	4u3s	new_tier	fennario	0	1	B280;B277	B309;B276;B273;B274;A32;A76;A145;A97;A94;A93;A95;A144	14	39	structures/4u3s.min.reduce.renum.pdb	96a204e521a8e3b9f1ee81384d85e85d1250ca75e7c00027dc6cd4bf47b7e913	64	192	160	336			4u3s_flex_p0	/usr/xtmp/lz280/packstar_flex_frontier10_20260917/A12631847/T5	/usr/xtmp/lz280/frontier_extension7_20261006/prep_12826503/package	SUBMITTED_LOCAL	12826673_0
2rl0_flex_p3	2rl0	new_tier	compsci	1	3	A85	G95;G97;A75;A65;A63;A49;A48;A51;A50;A87;A77;A76;G96;G94;G98	16	20	structures/2rl0.min.reduce.renum.pdb	17c3fc75a1a7799e94a0516af23187018499c3923868a87d8c4825fdf22ebbfd	64	192	160	336			2rl0_flex_p2	/usr/xtmp/lz280/markstar_backfill_20260922/A12686144/T17	/usr/xtmp/lz280/frontier_extension7_20261006/prep_12826503/package	SUBMITTED_LOCAL	12826674_1
5dc4_flex_p5	5dc4	new_tier	fennario	1	5	A95;A28	B176;B172;B173;B174;A25;A26;A97;A21;A46;A24;A29;A47;B171;A27	16	39	structures/5dc4.min.reduce.renum.pdb	f1dc1758bd76057ce195cabfc51efcafce37d661b9fc5cc8c24a8375649c07d1	64	192	160	336			5dc4_flex_p4	/usr/xtmp/lz280/packstar_flex_frontier12_20260918/A12632191/T11	/usr/xtmp/lz280/frontier_extension7_20261006/prep_12826503/package	SUBMITTED_LOCAL	12826673_1
4u3s_flex_p2	4u3s	new_tier	fennario	2	2	B280;B277	B309;B276;B273;B274;A32;A76;A145;A97;A94;A93;A95;A144;A146	15	39	structures/4u3s.min.reduce.renum.pdb	96a204e521a8e3b9f1ee81384d85e85d1250ca75e7c00027dc6cd4bf47b7e913	64	192	160	336			4u3s_flex_p0	/usr/xtmp/lz280/packstar_flex_frontier10_20260917/A12631847/T5	/usr/xtmp/lz280/frontier_extension7_20261006/prep_12826503/package	SUBMITTED_LOCAL	12826673_2
2rl0_flex_p4	2rl0	new_tier	compsci	2	4	A85	G95;G97;A75;A65;A63;A49;A48;A51;A50;A87;A77;A76;G96;G94;G98;A84	17	20	structures/2rl0.min.reduce.renum.pdb	17c3fc75a1a7799e94a0516af23187018499c3923868a87d8c4825fdf22ebbfd	64	192	160	336			2rl0_flex_p2	/usr/xtmp/lz280/markstar_backfill_20260922/A12686144/T17	/usr/xtmp/lz280/frontier_extension7_20261006/prep_12826503/package	SUBMITTED_LOCAL	12826674_2
5dc4_flex_p6	5dc4	new_tier	fennario	3	6	A95;A28	B176;B172;B173;B174;A25;A26;A97;A21;A46;A24;A29;A47;B171;A27;B175	17	39	structures/5dc4.min.reduce.renum.pdb	f1dc1758bd76057ce195cabfc51efcafce37d661b9fc5cc8c24a8375649c07d1	64	192	160	336			5dc4_flex_p4	/usr/xtmp/lz280/packstar_flex_frontier12_20260918/A12632191/T11	/usr/xtmp/lz280/frontier_extension7_20261006/prep_12826503/package	SUBMITTED_LOCAL	12826673_3
5a6y_flex_p2	5a6y	historical_14day_noncompletion	compsci	3	2	D455;D452	D356;D359;D431;D355;D429;D450;D453;D396;C274;D363;C247;C275;C334;C331;D454;D451	18	39	structures/5a6y.min.reduce.renum.pdb	53066d5b532226fcdeddb6a19e6b183dedcedcdc51578da23a8d53dd19e0090a	64	192	160	336		1209597	5a6y_flex_p2	/usr/xtmp/lz280/packstar_flex_frontier10_20260917/A12631847/T12	/usr/xtmp/lz280/markstar_backfill_20260922/handoff_12686177/package	SUBMITTED_LOCAL	12826674_3
4wyq_flex_p3	4wyq	historical_14day_noncompletion	compsci	4	3	E394	D288;D289;D285;E367;E371;E373;E365;E391;E390;E372;E370;D284	13	20	structures/4wyq.min.reduce.renum.pdb	adc46edd5b0e67e235edd709ef040a657aa4b1141cf7f4573ca6c79caadbfbc0	64	192	160	336		1209597	4wyq_flex_p3	/usr/xtmp/lz280/packstar_flex_frontier10_20260917/A12631847/T31	/usr/xtmp/lz280/markstar_backfill_20260922/handoff_12686177/package	SUBMITTED_LOCAL	12826674_4
1a0r_flex_m1	1a0r	historical_14day_noncompletion	compsci	5	-1	G390	G387;G392;G386;B280;B281;B283;B279;B284	9	20	structures/1a0r.min.reduce.renum.pdb	1dafb36daca93ee3e6db23e7bb648d96f7f67e14fb5bce94f2efa036a3e85b2d	64	192	160	336		1209594	1a0r_flex_m1	/usr/xtmp/lz280/packstar_flex_frontier12_20260918/A12632191/T1	/usr/xtmp/lz280/markstar_backfill_20260922/handoff_12686177/package	SUBMITTED_LOCAL	12826674_5
1a0r_flex_p0	1a0r	historical_14day_noncompletion	compsci	6	0	G390	G387;G392;G386;G393;B280;B281;B283;B279;B284	10	20	structures/1a0r.min.reduce.renum.pdb	1dafb36daca93ee3e6db23e7bb648d96f7f67e14fb5bce94f2efa036a3e85b2d	64	192	160	336		1209594	1a0r_flex_p0	/usr/xtmp/lz280/packstar_flex_frontier12_20260918/A12632191/T2	/usr/xtmp/lz280/markstar_backfill_20260922/handoff_12686177/package	SUBMITTED_LOCAL	12826674_6
5it3_flex_p10	5it3	historical_14day_noncompletion	fennario	4	10	A41	B134;B153;A37;A34;A38;B133;B135;A39;A40;A35;A36;A33;A42;B137;A31	16	20	structures/5it3.min.reduce.renum.pdb	385250d44183624e89b21ca3ce213004c8f149a941f52f743a8dd20de870424c	64	192	96	336		1209597	5it3_flex_p10	/usr/xtmp/lz280/packstar_flex_frontier20_20260919/A12643021/T15	/usr/xtmp/lz280/markstar_backfill_20260922/handoff_12686177/package	SUBMITTED_LOCAL	12826673_4
3cal_flex_p4	3cal	historical_14day_noncompletion	compsci	7	4	C147	D212;C126;C128;C113;C137;C111;C139;C120;C149;C125;C148;C127;C146	14	20	structures/3cal.min.reduce.renum.pdb	ae9d613aad4f87b80cd00c5aa3dfcf518dbd91c3aa007f6f28ae191f264f37f1	64	192	64	336		1209595	3cal_flex_p4	/usr/xtmp/lz280/packstar_flex_frontier38_20260920/A12651523/T26	/usr/xtmp/lz280/markstar_backfill_20260922/handoff_12686177/package	SUBMITTED_LOCAL	12826674_7
3cal_flex_p5	3cal	historical_14day_noncompletion	compsci	8	5	C147	D212;C126;C128;C113;C137;C111;C139;C120;C149;C125;C148;C127;C146;C112	15	20	structures/3cal.min.reduce.renum.pdb	ae9d613aad4f87b80cd00c5aa3dfcf518dbd91c3aa007f6f28ae191f264f37f1	64	192	64	336		1209596	3cal_flex_p5	/usr/xtmp/lz280/packstar_flex_frontier38_20260920/A12651522/T27	/usr/xtmp/lz280/markstar_backfill_20260922/handoff_12686177/package	SUBMITTED_LOCAL	12826674_8
4pxf_flex_p6	4pxf	historical_14day_noncompletion	compsci	9	6	A249	B328;B330;A246;A245;A226;A225;A138;A229;A244;A247;A227;A139;A250;A228	15	20	structures/4pxf.min.reduce.renum.pdb	0297976728b341c0a76ad496fcdaa1fe586b199ac18524f892b6ef47fea35d2c	64	192	64	336		1209594	4pxf_flex_p6	/usr/xtmp/lz280/packstar_flex_frontier38_20260920/A12651522/T39	/usr/xtmp/lz280/markstar_backfill_20260922/handoff_12686177/package	SUBMITTED_LOCAL	12826674_9
1gwc_flex_p3	1gwc	historical_14day_noncompletion	compsci	10	3	C514	B314;B309;B313;B311;B317;C510;C505;C446;C503;C511;C498;C500;C497;C445;C447	16	20	structures/1gwc.min.reduce.renum.pdb	8e52f063e5911c83d039199e14da3edcd55355d6f93f00700cb96e6577b3f304	64	192	160	336		1209600	1gwc_flex_p3	/usr/xtmp/lz280/markstar_backfill_20260922/A12686144/T15	/usr/xtmp/lz280/markstar_backfill_20260922/handoff_12686177/package	SUBMITTED_LOCAL	12826674_10
