design_id	system	kind	destination	requested_cpus	limit_hours	state
5d68_flex_p3	5d68	new_tier	compsci	64	336	PROPOSED_NOT_SUBMITTED
4u3s_flex_p1	4u3s	new_tier	fennario	64	336	PROPOSED_NOT_SUBMITTED
2rl0_flex_p3	2rl0	new_tier	compsci	64	336	PROPOSED_NOT_SUBMITTED
5dc4_flex_p5	5dc4	new_tier	fennario	64	336	PROPOSED_NOT_SUBMITTED
4u3s_flex_p2	4u3s	new_tier	fennario	64	336	PROPOSED_NOT_SUBMITTED
2rl0_flex_p4	2rl0	new_tier	compsci	64	336	PROPOSED_NOT_SUBMITTED
5dc4_flex_p6	5dc4	new_tier	fennario	64	336	PROPOSED_NOT_SUBMITTED
2xgy_flex_p0	2xgy	historical_14day_noncompletion	DCC	64	336	PROPOSED_NOT_SUBMITTED
3ma2_flex_p1	3ma2	historical_14day_noncompletion	DCC	64	336	PROPOSED_NOT_SUBMITTED
4wyu_flex_p1	4wyu	historical_14day_noncompletion	DCC	64	336	PROPOSED_NOT_SUBMITTED
5a6y_flex_p2	5a6y	historical_14day_noncompletion	compsci	64	336	PROPOSED_NOT_SUBMITTED
4wyq_flex_p3	4wyq	historical_14day_noncompletion	compsci	64	336	PROPOSED_NOT_SUBMITTED
1a0r_flex_m1	1a0r	historical_14day_noncompletion	compsci	64	336	PROPOSED_NOT_SUBMITTED
1a0r_flex_p0	1a0r	historical_14day_noncompletion	compsci	64	336	PROPOSED_NOT_SUBMITTED
4wwi_flex_p2	4wwi	historical_14day_noncompletion	DCC	64	336	PROPOSED_NOT_SUBMITTED
4wwi_flex_p3	4wwi	historical_14day_noncompletion	DCC	64	336	PROPOSED_NOT_SUBMITTED
3bua_flex_m2	3bua	historical_14day_noncompletion	DCC	64	336	PROPOSED_NOT_SUBMITTED
3bua_flex_m1	3bua	historical_14day_noncompletion	DCC	64	336	PROPOSED_NOT_SUBMITTED
5it3_flex_p10	5it3	historical_14day_noncompletion	fennario	64	336	PROPOSED_NOT_SUBMITTED
3cal_flex_p4	3cal	historical_14day_noncompletion	compsci	64	336	PROPOSED_NOT_SUBMITTED
3cal_flex_p5	3cal	historical_14day_noncompletion	compsci	64	336	PROPOSED_NOT_SUBMITTED
4pxf_flex_p6	4pxf	historical_14day_noncompletion	compsci	64	336	PROPOSED_NOT_SUBMITTED
2rfd_flex_p8	2rfd	historical_14day_noncompletion	DCC	64	336	PROPOSED_NOT_SUBMITTED
1gwc_flex_p3	1gwc	historical_14day_noncompletion	compsci	64	336	PROPOSED_NOT_SUBMITTED
